customer_id,first_name,last_name,registration_date
1,Yvonne,Thomas,2023-07-23
2,Isabel,Wilson,2023-06-08
3,Xavier,Davis,2022-12-16
4,Wendy,Rodriguez,2023-10-27
5,Eve,Taylor,2022-05-07
6,Alice,White,2022-02-19
7,Charlie,Davis,2023-10-01
8,Zach,Smith,2023-05-16
9,Diana,Davis,2023-08-03
10,Henry,Anderson,2023-06-07
11,Steve,Moore,2023-07-30
12,Isabel,Johnson,2022-05-18
13,Wendy,White,2022-06-14
14,Mary,Lopez,2022-06-14
15,Victor,Jones,2022-04-03
16,Henry,Lopez,2022-04-24
17,Diana,Thompson,2023-02-01
18,Henry,White,2023-10-06
19,Yvonne,Martinez,2023-02-04
20,Grace,Jackson,2023-02-09
21,Diana,Miller,2023-11-27
22,Henry,Jackson,2023-12-15
23,Uma,Gonzalez,2022-05-08
24,Eve,Harris,2023-04-01
25,Xavier,Taylor,2022-03-11
26,Quincy,Williams,2023-10-11
27,Charlie,Moore,2022-01-19
28,Mary,Garcia,2022-11-01
29,Peter,Thomas,2022-11-25
30,Steve,Thompson,2023-05-11
31,Victor,Thomas,2023-03-25
32,Rachel,Anderson,2022-09-25
33,Rachel,Jackson,2023-10-13
34,Karen,Garcia,2023-03-22
35,Alice,Martin,2023-02-18
36,Henry,Lopez,2023-06-26
37,Zach,Thomas,2022-08-02
38,Alice,Moore,2022-11-05
39,Eve,Johnson,2022-05-10
40,Rachel,Miller,2022-10-27
41,Victor,Lee,2023-02-21
42,Eve,Thomas,2022-09-18
43,Alice,Thomas,2023-01-18
44,Bob,Williams,2023-07-15
45,Uma,Jones,2023-01-18
46,Uma,Hernandez,2022-12-19
47,Mary,Johnson,2023-03-27
48,Quincy,Martin,2023-02-27
49,Wendy,Brown,2022-11-07
50,Xavier,Smith,2023-02-02
51,Eve,Miller,2022-03-03
52,Karen,Martinez,2023-06-15
53,Alice,Smith,2023-10-20
54,Luke,Martinez,2023-03-06
55,Charlie,Smith,2023-10-27
56,Wendy,Davis,2023-10-07
57,Olivia,Davis,2023-09-29
58,Rachel,Brown,2023-10-12
59,Karen,Moore,2022-11-26
60,Grace,Perez,2023-11-11
61,Wendy,Perez,2022-02-23
62,Yvonne,Davis,2023-10-10
63,Alice,Harris,2022-02-22
64,Rachel,Jones,2023-04-08
65,Eve,Martin,2023-12-24
66,Bob,Rodriguez,2023-11-07
67,Nathan,Moore,2023-07-28
68,Olivia,Martinez,2022-01-10
69,Bob,Martin,2023-06-28
70,Diana,Brown,2022-10-02
71,Charlie,Martinez,2022-07-02
72,Xavier,Miller,2022-06-25
73,Charlie,Taylor,2022-07-28
74,Wendy,Harris,2023-06-12
75,Grace,Johnson,2022-08-25
76,Alice,Miller,2022-06-11
77,Eve,Davis,2022-05-16
78,Zach,Williams,2023-08-04
79,Peter,Smith,2023-02-02
80,Wendy,Martin,2023-11-12
81,Steve,Brown,2022-12-28
82,Henry,Johnson,2022-05-15
83,Tina,Smith,2023-12-05
84,Nathan,Garcia,2022-10-22
85,Henry,Martin,2022-10-29
86,Bob,Garcia,2022-01-17
87,Xavier,White,2023-02-06
88,Frank,Lee,2022-12-05
89,Quincy,Wilson,2023-01-13
90,John,Jones,2022-02-15
91,Nathan,Perez,2022-05-01
92,Steve,Smith,2022-02-21
93,Olivia,Jackson,2023-04-19
94,Zach,Harris,2023-04-12
95,Karen,Smith,2023-11-12
96,Xavier,Johnson,2023-05-27
97,Eve,Hernandez,2022-06-30
98,Victor,Smith,2023-10-15
99,Rachel,Anderson,2022-12-22
100,Wendy,Lee,2022-07-08
101,Victor,Miller,2023-01-03
102,Xavier,Davis,2023-10-14
103,Yvonne,Miller,2023-07-27
104,Diana,Rodriguez,2023-10-21
105,Nathan,Harris,2022-05-02
106,Frank,Jackson,2023-02-08
107,Diana,Hernandez,2022-10-15
108,Luke,Taylor,2023-06-05
109,Olivia,Smith,2022-11-16
110,Bob,Hernandez,2022-04-07
111,Diana,Martin,2022-04-01
112,Diana,Rodriguez,2022-03-26
113,Wendy,Wilson,2023-12-06
114,Bob,Brown,2022-03-15
115,Olivia,Johnson,2023-09-04
116,Rachel,Wilson,2023-04-10
117,Zach,Davis,2022-08-17
118,Peter,Smith,2023-10-29
119,Bob,Hernandez,2022-06-21
120,John,Smith,2022-04-02
121,John,Lopez,2023-01-28
122,Zach,Davis,2023-07-25
123,Tina,Lopez,2022-02-19
124,Olivia,Miller,2022-10-12
125,Olivia,Garcia,2022-06-06
126,Charlie,Davis,2022-06-17
127,Uma,Johnson,2023-10-21
128,Yvonne,Gonzalez,2022-03-14
129,Peter,Jones,2023-08-31
130,Diana,Thomas,2023-11-30
131,Mary,Thompson,2022-03-16
132,Tina,Taylor,2023-12-30
133,Grace,Lopez,2022-01-13
134,Charlie,Perez,2022-08-14
135,Yvonne,Williams,2023-06-24
136,Tina,Jackson,2022-08-10
137,Zach,Rodriguez,2022-10-30
138,Tina,Thomas,2023-04-25
139,Zach,Williams,2023-11-10
140,Quincy,White,2023-09-05
141,Zach,Perez,2022-07-10
142,Luke,Perez,2022-05-05
143,Alice,Harris,2022-02-16
144,Quincy,Thomas,2023-01-31
145,Eve,Garcia,2022-05-23
146,Yvonne,Harris,2023-11-07
147,Eve,Davis,2023-11-05
148,Mary,Johnson,2023-11-17
149,Grace,Martinez,2022-03-30
150,Tina,Harris,2023-10-30
151,Diana,Johnson,2022-04-14
152,Frank,Wilson,2022-05-05
153,Zach,Brown,2023-03-26
154,Karen,Lee,2022-08-13
155,Isabel,Harris,2022-06-10
156,Yvonne,Thompson,2023-10-05
157,Bob,Thompson,2022-12-22
158,Charlie,Brown,2022-05-14
159,Bob,Jones,2022-12-11
160,Charlie,Jackson,2022-11-11
161,Rachel,Williams,2022-01-04
162,Bob,Garcia,2022-10-23
163,Olivia,Perez,2022-01-15
164,Luke,Thomas,2022-02-17
165,Diana,Martin,2022-04-26
166,Charlie,Jones,2022-08-12
167,Uma,Hernandez,2023-07-09
168,John,Perez,2023-11-20
169,Steve,Wilson,2023-09-01
170,Victor,Brown,2023-12-14
171,Tina,Smith,2023-08-02
172,Zach,Johnson,2022-09-02
173,Alice,Thompson,2023-10-03
174,Peter,Perez,2022-11-02
175,Victor,Miller,2022-08-13
176,Grace,Miller,2022-05-25
177,Steve,Gonzalez,2023-01-31
178,Peter,Martin,2022-12-05
179,Olivia,Hernandez,2023-01-14
180,Rachel,Johnson,2023-07-13
181,Grace,Thompson,2023-07-29
182,Olivia,Anderson,2023-12-17
183,Isabel,Garcia,2023-01-10
184,Victor,Lee,2022-08-15
185,Karen,Thomas,2022-08-10
186,Grace,Wilson,2023-04-22
187,Henry,Brown,2022-06-03
188,Wendy,Johnson,2022-07-03
189,Wendy,Davis,2023-04-08
190,Wendy,Lee,2022-06-18
191,Wendy,Martin,2023-05-07
192,Mary,Miller,2023-01-08
193,Olivia,Lee,2022-04-26
194,Olivia,Jackson,2022-07-13
195,Tina,Wilson,2022-01-14
196,Olivia,White,2023-12-01
197,Frank,Taylor,2022-02-27
198,Alice,Martinez,2022-09-23
199,Henry,Thomas,2023-11-13
200,Yvonne,Taylor,2022-12-25
201,Charlie,Harris,2022-03-16
202,Olivia,Lopez,2022-03-31
203,Wendy,Taylor,2022-11-02
204,Victor,Brown,2023-02-05
205,Diana,Lopez,2023-03-22
206,Xavier,Hernandez,2022-11-26
207,Xavier,Brown,2022-04-03
208,Charlie,Lopez,2023-07-14
209,Zach,Thompson,2023-03-11
210,Olivia,Gonzalez,2023-04-14
211,Peter,Rodriguez,2022-08-07
212,Uma,Moore,2022-10-21
213,Mary,Johnson,2023-07-22
214,Steve,Rodriguez,2022-01-09
215,Quincy,Garcia,2022-09-06
216,Steve,Rodriguez,2022-04-08
217,Charlie,Davis,2022-07-31
218,Mary,Wilson,2023-08-10
219,Grace,Taylor,2022-06-06
220,Yvonne,Davis,2022-08-13
221,Tina,Taylor,2023-12-30
222,Mary,Jackson,2022-07-14
223,Victor,Jones,2023-06-07
224,Yvonne,Miller,2022-06-20
225,Eve,Harris,2022-11-01
226,Luke,Taylor,2022-12-27
227,Henry,Martin,2023-11-18
228,Xavier,Garcia,2022-04-24
229,Grace,Wilson,2022-09-30
230,Tina,Martin,2022-06-25
231,Diana,Miller,2023-08-07
232,Diana,Gonzalez,2022-12-10
233,Alice,Smith,2023-11-16
234,Eve,Harris,2022-12-20
235,Zach,Williams,2023-10-10
236,Rachel,Miller,2022-05-19
237,Olivia,Miller,2023-04-04
238,Frank,Martin,2022-08-08
239,Yvonne,Rodriguez,2023-07-17
240,Zach,Anderson,2023-02-23
241,Grace,Moore,2023-08-04
242,Frank,Taylor,2022-08-24
243,Tina,Garcia,2022-03-07
244,Victor,Lopez,2023-09-26
245,Uma,Rodriguez,2022-11-27
246,Quincy,Harris,2023-05-06
247,John,Thompson,2023-06-07
248,Zach,Martinez,2023-08-22
249,Mary,Jones,2022-07-15
250,Frank,Perez,2022-01-18
251,Bob,Thompson,2023-03-23
252,Zach,Anderson,2023-09-13
253,Xavier,Anderson,2022-10-08
254,Peter,White,2023-04-11
255,Xavier,Lopez,2022-07-10
256,Mary,Miller,2023-04-26
257,Victor,Anderson,2023-03-10
258,Nathan,Lee,2023-03-08
259,Henry,Anderson,2022-03-25
260,Charlie,Jackson,2022-02-22
261,Henry,Davis,2023-07-07
262,Henry,Rodriguez,2022-08-13
263,Olivia,Davis,2022-08-18
264,Bob,Lee,2022-04-07
265,Rachel,White,2022-04-29
266,Diana,Perez,2022-10-31
267,Wendy,Jackson,2022-09-07
268,Mary,Perez,2022-04-24
269,Henry,Gonzalez,2022-08-23
270,Mary,Harris,2022-10-07
271,Nathan,Hernandez,2022-10-18
272,Olivia,Thompson,2023-04-18
273,John,Harris,2022-01-08
274,Uma,Jackson,2022-11-12
275,Yvonne,Miller,2022-05-30
276,Xavier,Harris,2023-01-25
277,Xavier,Martinez,2022-03-06
278,Eve,Thomas,2022-08-04
279,Xavier,Martin,2023-08-07
280,Wendy,Davis,2022-12-29
281,Nathan,Wilson,2023-12-01
282,Luke,Taylor,2022-12-01
283,John,Johnson,2023-07-19
284,Henry,Brown,2023-03-29
285,Rachel,Lee,2023-06-26
286,Frank,Rodriguez,2022-05-27
287,Uma,Lee,2022-05-08
288,Charlie,Miller,2022-03-06
289,Diana,Williams,2022-07-14
290,Luke,Thomas,2023-11-16
291,Olivia,Miller,2022-04-30
292,Eve,Taylor,2023-04-02
293,John,Smith,2022-04-16
294,Peter,White,2023-01-17
295,Luke,Williams,2023-12-25
296,Rachel,Hernandez,2023-08-13
297,John,Thompson,2023-03-01
298,Uma,Harris,2023-07-15
299,Wendy,Davis,2022-02-19
300,Zach,Martinez,2023-06-14
301,Nathan,Gonzalez,2022-12-26
302,Steve,Thompson,2023-11-20
303,Wendy,Thompson,2022-07-07
304,Steve,Thompson,2022-07-23
305,Tina,Lopez,2022-11-30
306,Alice,Miller,2022-02-24
307,Wendy,Harris,2022-02-22
308,Isabel,Brown,2023-10-24
309,Quincy,Harris,2022-03-08
310,Nathan,Wilson,2023-07-27
311,Nathan,Thomas,2023-10-01
312,Zach,Williams,2023-10-16
313,Isabel,Rodriguez,2022-05-15
314,Wendy,Davis,2023-07-04
315,Zach,Thompson,2023-08-02
316,Quincy,Lee,2023-10-23
317,Bob,Davis,2022-09-20
318,Peter,Martinez,2023-12-30
319,Frank,Williams,2023-05-30
320,Alice,White,2023-09-10
321,Alice,Johnson,2023-06-27
322,Bob,Davis,2022-10-13
323,Karen,Thompson,2022-04-29
324,Zach,Martin,2022-10-16
325,Charlie,Perez,2023-05-20
326,Xavier,Rodriguez,2023-08-02
327,Rachel,Brown,2022-12-03
328,Bob,Thompson,2022-08-13
329,Nathan,Martinez,2022-07-04
330,Xavier,Thompson,2023-09-01
331,Henry,Harris,2023-04-17
332,Nathan,Lopez,2022-01-11
333,Zach,Williams,2022-03-17
334,Charlie,Brown,2022-08-05
335,Rachel,Harris,2022-04-09
336,Luke,Smith,2023-04-21
337,Grace,Garcia,2022-07-03
338,Charlie,Brown,2022-09-12
339,Charlie,Gonzalez,2023-10-11
340,Nathan,Jones,2022-08-03
341,Victor,Miller,2023-03-16
342,Luke,Taylor,2022-06-18
343,Nathan,Harris,2023-08-17
344,Olivia,Thompson,2022-10-09
345,Charlie,Jackson,2023-05-08
346,Bob,Brown,2022-09-02
347,Uma,Jackson,2023-04-22
348,John,Garcia,2023-04-10
349,Nathan,Jackson,2022-09-06
350,Eve,Miller,2023-04-24
351,Yvonne,Garcia,2022-03-22
352,Charlie,Anderson,2022-06-29
353,Alice,Wilson,2023-05-06
354,Grace,Lee,2023-03-30
355,Uma,Lopez,2023-03-22
356,Tina,Rodriguez,2022-07-11
357,Grace,Rodriguez,2022-10-24
358,Quincy,Miller,2022-11-08
359,Nathan,Harris,2023-08-22
360,Zach,Lee,2022-08-03
361,Uma,Perez,2022-07-24
362,Rachel,Thomas,2023-11-02
363,Frank,Lopez,2023-07-15
364,Yvonne,Smith,2022-11-24
365,Wendy,Miller,2023-03-17
366,Yvonne,Williams,2023-04-26
367,Frank,Martinez,2022-04-07
368,Peter,White,2023-09-25
369,Isabel,Jackson,2023-08-04
370,Quincy,Smith,2023-07-03
371,Diana,Thomas,2023-04-24
372,Karen,Gonzalez,2022-04-09
373,Karen,Perez,2023-07-22
374,Yvonne,Martin,2022-09-14
375,Tina,Williams,2022-10-25
376,Uma,Hernandez,2022-02-23
377,Victor,Wilson,2022-12-19
378,Bob,Garcia,2022-12-05
379,Diana,Taylor,2022-01-19
380,Steve,Jones,2022-05-07
381,Quincy,Moore,2022-09-02
382,Quincy,Brown,2023-03-12
383,Uma,Miller,2023-06-07
384,Wendy,Brown,2022-09-28
385,Tina,Garcia,2022-04-24
386,Uma,Jackson,2022-07-22
387,Mary,Thompson,2022-05-21
388,Diana,Brown,2023-10-06
389,Isabel,Hernandez,2022-11-01
390,Frank,Wilson,2023-02-18
391,Henry,Smith,2023-08-16
392,Uma,Gonzalez,2023-05-19
393,Diana,Martinez,2023-07-21
394,Yvonne,White,2023-12-04
395,Yvonne,Davis,2023-07-24
396,Rachel,Garcia,2022-12-14
397,Isabel,Harris,2022-11-09
398,Luke,Martin,2023-10-18
399,Frank,Lee,2022-12-23
400,Quincy,Hernandez,2023-04-05
401,Henry,Williams,2023-02-26
402,Alice,Harris,2023-08-06
403,Yvonne,Jackson,2022-09-19
404,Isabel,Brown,2023-09-10
405,Steve,Hernandez,2022-10-27
406,Grace,Rodriguez,2022-04-20
407,Yvonne,Smith,2023-02-17
408,Yvonne,Miller,2022-09-26
409,Steve,Johnson,2023-07-13
410,Bob,Hernandez,2023-04-21
411,Quincy,Thompson,2023-07-30
412,Eve,Martin,2023-03-27
413,Diana,Perez,2022-07-22
414,Tina,Moore,2023-05-25
415,Diana,Jones,2022-01-20
416,Nathan,Jones,2022-09-12
417,Isabel,Anderson,2022-08-23
418,Zach,Garcia,2023-09-03
419,Victor,Anderson,2022-03-07
420,Grace,White,2023-04-13
421,Yvonne,Lopez,2023-09-10
422,Nathan,Wilson,2023-07-10
423,Nathan,Miller,2023-11-20
424,Bob,Williams,2022-02-07
425,Luke,Martin,2022-01-14
426,Grace,Lee,2023-03-11
427,Tina,White,2022-05-01
428,Peter,Smith,2023-11-08
429,Tina,Lee,2023-12-15
430,Zach,Davis,2023-06-02
431,Zach,Jackson,2023-03-06
432,Frank,Thomas,2023-01-04
433,Zach,Smith,2023-12-14
434,Rachel,Hernandez,2022-01-25
435,Nathan,Thomas,2023-09-22
436,Karen,Martin,2022-10-15
437,Eve,Davis,2022-04-06
438,Nathan,Smith,2022-05-17
439,Steve,Jackson,2022-11-16
440,Charlie,Rodriguez,2022-07-14
441,Wendy,Anderson,2022-03-10
442,Olivia,Moore,2022-08-27
443,Eve,Anderson,2023-06-08
444,Frank,Jones,2022-06-19
445,Isabel,Jones,2023-10-21
446,Xavier,Brown,2022-04-10
447,Nathan,Johnson,2022-07-29
448,Zach,Miller,2022-02-16
449,Xavier,Perez,2022-03-02
450,Xavier,Johnson,2023-04-25
451,Nathan,Davis,2023-04-20
452,Henry,Brown,2022-06-03
453,Isabel,Jackson,2023-10-26
454,Wendy,Thomas,2023-10-10
455,John,Anderson,2022-02-02
456,Charlie,Harris,2023-11-05
457,Bob,Thomas,2023-05-24
458,Grace,Hernandez,2022-08-12
459,Xavier,Anderson,2023-02-27
460,Eve,Garcia,2022-05-22
461,Luke,Anderson,2022-01-11
462,Charlie,Hernandez,2023-11-05
463,Grace,Anderson,2022-12-05
464,Charlie,Johnson,2023-06-08
465,Frank,Thompson,2023-06-23
466,Tina,Taylor,2022-09-23
467,Alice,Wilson,2022-06-14
468,Victor,Anderson,2022-05-27
469,Rachel,Taylor,2022-08-25
470,Quincy,White,2023-07-10
471,Wendy,Hernandez,2022-11-07
472,Peter,Perez,2023-02-01
473,Victor,White,2023-11-20
474,Yvonne,Wilson,2023-11-19
475,Grace,Moore,2022-04-02
476,Bob,Lopez,2023-07-19
477,Grace,Brown,2023-02-04
478,Steve,Martin,2023-10-19
479,Diana,Lopez,2022-10-09
480,Rachel,Miller,2023-02-07
481,Isabel,Williams,2023-02-07
482,Wendy,Gonzalez,2022-08-18
483,Rachel,Davis,2023-03-31
484,Tina,Garcia,2022-09-29
485,Frank,Lopez,2022-12-09
486,Isabel,Garcia,2023-04-25
487,Mary,Davis,2022-09-19
488,Peter,Perez,2022-04-15
489,Zach,Hernandez,2023-03-07
490,Alice,White,2023-02-12
491,Alice,Williams,2023-04-23
492,Peter,Johnson,2023-05-27
493,Steve,Anderson,2023-04-05
494,Bob,Davis,2023-03-02
495,Henry,Perez,2023-04-09
496,Eve,Miller,2022-03-09
497,Peter,Thompson,2022-06-13
498,Grace,Martin,2023-09-17
499,Xavier,Thompson,2022-04-04
500,Nathan,Garcia,2022-12-18
501,Grace,Martinez,2022-01-23
502,Grace,Anderson,2023-09-11
503,Henry,Smith,2023-12-12
504,Tina,Jackson,2023-06-01
505,Quincy,Thomas,2022-06-25
506,Steve,Lopez,2023-06-16
507,Karen,Smith,2023-04-16
508,Charlie,Moore,2022-12-05
509,Olivia,Johnson,2022-09-26
510,Karen,Jackson,2023-10-07
511,Zach,Hernandez,2023-06-28
512,Quincy,Jones,2022-06-20
513,Uma,Martinez,2022-11-12
514,Xavier,Miller,2023-04-14
515,Charlie,Harris,2023-04-24
516,Yvonne,Anderson,2023-09-10
517,John,Johnson,2023-01-30
518,Tina,White,2022-07-30
519,Alice,Anderson,2023-06-02
520,Bob,Gonzalez,2022-11-13
521,Charlie,Lee,2022-09-21
522,Alice,Johnson,2022-11-12
523,Zach,Martinez,2023-05-31
524,Bob,Miller,2023-07-11
525,Bob,Jones,2022-11-09
526,Victor,Thomas,2023-03-22
527,Zach,Lopez,2022-07-27
528,Victor,Williams,2023-01-18
529,Luke,Brown,2022-10-21
530,Nathan,Martin,2023-08-21
531,Diana,Thompson,2023-05-14
532,Victor,Smith,2022-11-07
533,Rachel,Garcia,2022-02-13
534,Quincy,Hernandez,2022-08-18
535,Yvonne,Davis,2022-06-17
536,Mary,Brown,2022-08-12
537,Grace,Gonzalez,2022-05-12
538,Alice,Jones,2022-12-30
539,Eve,Jackson,2023-07-18
540,Eve,Davis,2023-05-30
541,Diana,Lopez,2022-04-21
542,Nathan,Thomas,2023-07-27
543,Zach,Davis,2022-02-28
544,Yvonne,Jones,2022-03-15
545,Uma,Rodriguez,2023-11-08
546,Henry,Williams,2023-01-12
547,Wendy,Taylor,2022-04-10
548,Rachel,Thomas,2023-11-17
549,Eve,Martinez,2022-03-18
550,Yvonne,Thomas,2023-05-15
551,Diana,Gonzalez,2022-07-30
552,Grace,White,2023-09-28
553,Steve,Williams,2022-07-09
554,Nathan,Martin,2023-03-06
555,John,Martinez,2022-03-16
556,Eve,Johnson,2023-07-11
557,Yvonne,Martinez,2022-06-26
558,Steve,Harris,2022-04-17
559,Diana,Taylor,2023-09-08
560,John,Rodriguez,2023-06-28
561,Frank,Hernandez,2022-08-24
562,Diana,Martin,2023-11-24
563,Xavier,Davis,2023-07-26
564,Zach,Martinez,2022-04-29
565,Uma,Rodriguez,2022-05-09
566,Henry,Jones,2022-06-11
567,Olivia,Harris,2022-09-11
568,Karen,Jackson,2022-12-16
569,Charlie,Anderson,2022-09-05
570,Henry,Lopez,2023-01-30
571,Karen,Jones,2023-06-22
572,Luke,Smith,2022-02-06
573,Xavier,Perez,2023-11-05
574,Alice,Johnson,2023-06-29
575,Mary,Harris,2023-10-31
576,Zach,Johnson,2023-08-18
577,Wendy,Martin,2023-08-08
578,Grace,Martin,2023-04-07
579,Frank,Jones,2022-03-29
580,Uma,Martinez,2023-11-20
581,Bob,Lee,2022-08-07
582,Nathan,Hernandez,2023-07-26
583,Nathan,Thompson,2023-03-01
584,Xavier,Garcia,2023-03-17
585,Bob,Davis,2022-07-10
586,Alice,Anderson,2022-01-11
587,Victor,Wilson,2022-09-23
588,Victor,Anderson,2023-09-11
589,Nathan,Thompson,2022-05-01
590,Rachel,Hernandez,2023-12-06
591,Yvonne,Smith,2023-05-30
592,Xavier,White,2022-09-28
593,Zach,Miller,2023-03-28
594,Peter,Moore,2022-06-17
595,Rachel,Miller,2023-12-09
596,Victor,Brown,2022-07-20
597,Isabel,Taylor,2022-08-24
598,Eve,Rodriguez,2023-05-12
599,Karen,Hernandez,2023-08-31
600,Alice,Jones,2022-09-13
601,Mary,Moore,2023-12-07
602,Zach,Jackson,2023-01-29
603,Isabel,Wilson,2023-01-23
604,Quincy,Anderson,2023-03-24
605,Mary,Johnson,2023-10-25
606,Charlie,Williams,2022-04-03
607,Alice,Davis,2022-06-26
608,Isabel,Williams,2023-10-23
609,Henry,Smith,2023-06-21
610,Isabel,Rodriguez,2023-10-17
611,Nathan,Harris,2023-10-12
612,Karen,Johnson,2023-07-04
613,Quincy,Harris,2023-06-13
614,Mary,Moore,2022-08-04
615,Nathan,Davis,2022-12-14
616,Olivia,Miller,2023-12-06
617,Bob,Wilson,2023-01-30
618,Quincy,Brown,2022-09-14
619,Eve,Thompson,2023-06-22
620,Quincy,Martinez,2023-01-19
621,Victor,Jackson,2023-06-04
622,Zach,Harris,2022-08-12
623,John,Gonzalez,2022-05-26
624,Luke,Jones,2023-06-02
625,Bob,Martin,2022-05-14
626,Charlie,Thomas,2023-11-02
627,Uma,Davis,2022-10-29
628,Diana,Perez,2023-08-23
629,Diana,Anderson,2023-03-24
630,Karen,Perez,2023-10-30
631,Tina,Martinez,2022-12-28
632,Uma,Martin,2022-12-05
633,Mary,Martinez,2022-05-25
634,Eve,Rodriguez,2023-12-12
635,Grace,Harris,2022-06-03
636,Nathan,Lee,2022-10-26
637,Yvonne,Hernandez,2023-08-03
638,Quincy,Gonzalez,2023-07-16
639,Uma,Thomas,2022-04-07
640,Bob,Thomas,2023-07-06
641,John,White,2022-04-02
642,Victor,Garcia,2022-11-04
643,Xavier,Gonzalez,2022-01-02
644,Uma,Lopez,2022-12-25
645,Uma,Thompson,2022-02-20
646,Xavier,Lee,2023-07-14
647,Xavier,Davis,2022-09-22
648,Tina,Thompson,2023-07-14
649,Diana,Gonzalez,2022-10-03
650,Yvonne,Lopez,2022-08-14
651,John,Perez,2023-10-13
652,Karen,Jackson,2022-04-25
653,Zach,Hernandez,2022-11-15
654,Nathan,Thomas,2022-02-25
655,Frank,Anderson,2022-08-05
656,Henry,Taylor,2023-03-23
657,Mary,Gonzalez,2023-10-27
658,Mary,Harris,2023-07-31
659,Karen,Thomas,2022-06-01
660,Quincy,Thomas,2022-05-25
661,Nathan,Miller,2022-08-17
662,Olivia,Davis,2022-08-29
663,Steve,Miller,2023-04-27
664,Karen,Moore,2023-10-06
665,Alice,Miller,2023-09-22
666,Henry,Gonzalez,2023-01-02
667,Alice,Jones,2022-10-22
668,Rachel,Johnson,2022-10-19
669,Zach,Harris,2022-11-10
670,Tina,Gonzalez,2023-06-27
671,Henry,Hernandez,2022-02-21
672,Alice,Jackson,2023-01-08
673,Olivia,Thompson,2022-01-17
674,Nathan,Moore,2023-08-23
675,Victor,Hernandez,2022-03-07
676,Victor,Thomas,2023-04-01
677,Henry,Rodriguez,2022-03-29
678,Karen,Johnson,2022-09-06
679,Tina,Rodriguez,2023-10-02
680,Steve,White,2022-01-18
681,Victor,Johnson,2023-01-22
682,Alice,Brown,2023-12-30
683,Frank,Martin,2022-08-22
684,Quincy,Moore,2022-09-03
685,Karen,Martinez,2022-03-07
686,Xavier,Harris,2023-12-27
687,Diana,Rodriguez,2022-07-20
688,Eve,Thomas,2023-07-30
689,Luke,Davis,2022-03-02
690,Isabel,Williams,2023-12-02
691,Xavier,Lopez,2023-09-30
692,Charlie,Moore,2022-11-04
693,Tina,Martinez,2022-05-11
694,Charlie,Martin,2022-10-15
695,Karen,Harris,2022-04-02
696,Steve,Perez,2023-09-22
697,Wendy,Taylor,2022-09-18
698,Luke,Brown,2023-04-01
699,Isabel,Taylor,2023-05-06
700,Charlie,Moore,2022-09-24
701,Uma,Williams,2023-08-18
702,Steve,Smith,2023-07-09
703,Victor,Davis,2022-12-20
704,Frank,Lopez,2023-08-20
705,Peter,Moore,2023-03-07
706,Olivia,Thompson,2022-04-03
707,Diana,Moore,2023-10-22
708,Diana,Brown,2023-02-23
709,Diana,White,2022-12-21
710,Eve,Williams,2023-12-31
711,Diana,Miller,2023-10-12
712,Uma,Miller,2022-08-08
713,Olivia,Rodriguez,2022-09-10
714,Zach,Smith,2023-07-02
715,Grace,Hernandez,2022-04-22
716,Henry,Brown,2023-11-02
717,Grace,Lopez,2023-05-03
718,Steve,Hernandez,2022-11-28
719,Peter,Lopez,2022-09-22
720,Isabel,Jones,2023-08-14
721,Steve,Hernandez,2022-12-07
722,Alice,Perez,2023-06-26
723,Alice,Harris,2022-09-18
724,Charlie,Thomas,2023-11-14
725,Yvonne,Johnson,2022-07-05
726,Charlie,Smith,2022-09-20
727,Alice,Martin,2023-05-21
728,Isabel,Martin,2022-10-25
729,Frank,Rodriguez,2022-05-27
730,Wendy,Lopez,2023-04-06
731,Yvonne,Jackson,2023-03-28
732,Victor,Hernandez,2023-05-27
733,Rachel,Wilson,2022-05-08
734,Frank,Lee,2022-03-05
735,Mary,Jones,2022-09-30
736,Frank,Johnson,2022-07-04
737,Diana,Martinez,2023-11-11
738,Charlie,Gonzalez,2023-07-13
739,Charlie,Hernandez,2022-04-14
740,Yvonne,Martinez,2022-10-14
741,Rachel,Lee,2023-01-22
742,Peter,Moore,2023-02-09
743,Frank,Harris,2023-02-09
744,Isabel,Garcia,2023-09-21
745,John,Martin,2023-04-20
746,Luke,Lee,2023-04-23
747,Henry,White,2022-02-01
748,Xavier,Anderson,2022-12-24
749,Charlie,Rodriguez,2022-06-17
750,Grace,Moore,2023-11-24
751,Mary,Brown,2022-01-05
752,Charlie,Davis,2023-12-14
753,Xavier,Thompson,2023-02-08
754,Henry,Wilson,2023-05-11
755,Olivia,Lopez,2022-11-23
756,Victor,Hernandez,2023-10-11
757,Bob,Smith,2023-09-11
758,Wendy,Lopez,2022-01-03
759,Peter,Jones,2023-11-19
760,Wendy,Davis,2022-07-08
761,Rachel,Johnson,2023-11-29
762,Luke,Martin,2022-05-15
763,Zach,Johnson,2023-03-16
764,Peter,Miller,2023-08-24
765,Wendy,Johnson,2022-07-08
766,Peter,Miller,2023-05-08
767,Henry,Davis,2022-05-29
768,Victor,Williams,2022-05-06
769,Bob,Garcia,2023-09-11
770,Wendy,Williams,2022-11-23
771,Frank,Hernandez,2023-05-03
772,Uma,Taylor,2022-05-06
773,Frank,White,2022-01-12
774,Grace,Brown,2023-11-19
775,Mary,Wilson,2023-03-30
776,Luke,Miller,2023-05-29
777,Mary,Garcia,2022-03-16
778,Uma,Thomas,2022-08-01
779,Xavier,White,2023-03-22
780,Charlie,Hernandez,2022-03-18
781,Xavier,Thompson,2022-10-25
782,Frank,Taylor,2022-09-09
783,Quincy,Hernandez,2022-05-19
784,Yvonne,Harris,2023-07-27
785,Mary,Martinez,2022-04-07
786,Frank,Davis,2023-05-02
787,Alice,Jones,2022-03-25
788,Olivia,Johnson,2023-09-30
789,Xavier,Garcia,2023-12-29
790,Zach,Gonzalez,2022-11-24
791,Eve,Garcia,2023-02-17
792,John,Jackson,2023-05-06
793,Xavier,Martinez,2023-02-01
794,Victor,Smith,2023-11-14
795,Isabel,Davis,2022-06-24
796,Eve,Davis,2023-06-02
797,Rachel,Garcia,2023-09-26
798,Zach,Gonzalez,2023-12-16
799,Luke,Thompson,2022-04-19
800,Alice,Jackson,2023-04-26
801,Bob,Rodriguez,2022-05-17
802,Steve,Rodriguez,2023-11-02
803,Henry,Lee,2023-04-11
804,Xavier,Martinez,2023-02-05
805,Tina,Jackson,2022-03-13
806,Henry,Moore,2023-12-17
807,Nathan,Harris,2023-05-14
808,Olivia,Rodriguez,2022-07-05
809,John,Moore,2023-10-27
810,Wendy,Hernandez,2023-06-30
811,Peter,Davis,2023-03-17
812,Peter,Wilson,2023-11-06
813,Luke,Hernandez,2023-01-15
814,Charlie,Rodriguez,2022-07-28
815,John,Hernandez,2022-01-05
816,Uma,Wilson,2022-04-17
817,Frank,Lee,2022-08-04
818,Luke,White,2022-07-03
819,Grace,Moore,2023-06-03
820,Zach,Wilson,2023-08-06
821,Rachel,Thompson,2022-11-18
822,Quincy,Garcia,2022-10-14
823,Olivia,Miller,2022-05-13
824,Yvonne,Hernandez,2023-03-04
825,Frank,Hernandez,2022-12-21
826,Luke,Thomas,2022-04-18
827,Olivia,Jackson,2022-12-30
828,Yvonne,Martin,2023-09-24
829,Henry,Harris,2022-01-18
830,Victor,Brown,2022-03-13
831,Frank,Rodriguez,2022-04-04
832,Karen,Jones,2022-03-27
833,Bob,Lee,2023-12-13
834,Rachel,Thomas,2023-05-13
835,Yvonne,Harris,2023-07-17
836,Nathan,Thompson,2023-06-02
837,Victor,Smith,2022-02-06
838,Luke,Lopez,2023-12-28
839,Uma,Smith,2022-08-30
840,Charlie,Miller,2022-10-18
841,Mary,Lopez,2023-12-27
842,Luke,Martinez,2022-08-16
843,Eve,Taylor,2023-01-26
844,Eve,Wilson,2022-03-22
845,Frank,White,2022-06-08
846,Karen,Brown,2022-04-12
847,Zach,Thomas,2022-09-02
848,Victor,Gonzalez,2022-08-18
849,Bob,Martinez,2023-12-06
850,Steve,Wilson,2022-07-20
851,Bob,Williams,2022-03-23
852,Nathan,Martin,2022-05-18
853,Bob,Anderson,2023-04-11
854,Luke,Jones,2023-02-08
855,Charlie,Hernandez,2022-12-12
856,Tina,Garcia,2022-01-13
857,Quincy,Miller,2022-08-06
858,Yvonne,Gonzalez,2022-07-12
859,Charlie,Davis,2022-02-09
860,Diana,Rodriguez,2022-05-16
861,Luke,Moore,2022-11-19
862,Mary,Lee,2023-11-08
863,John,Martin,2023-12-21
864,Rachel,Williams,2023-02-24
865,Mary,Rodriguez,2022-09-11
866,Mary,Thompson,2022-08-08
867,Karen,Taylor,2022-04-24
868,Nathan,Jackson,2023-05-14
869,Charlie,Smith,2023-03-22
870,Quincy,Perez,2023-04-11
871,Nathan,Jackson,2023-03-25
872,Karen,Taylor,2023-07-14
873,Tina,Johnson,2023-01-22
874,Tina,Anderson,2023-08-04
875,Yvonne,Davis,2022-05-08
876,Mary,Taylor,2022-06-20
877,Victor,Moore,2022-11-02
878,Alice,Davis,2022-08-26
879,Mary,Garcia,2023-01-28
880,Charlie,Johnson,2023-12-21
881,Xavier,Lopez,2022-03-20
882,Eve,White,2023-09-11
883,Steve,Johnson,2023-05-27
884,Bob,Perez,2023-08-17
885,Uma,Lopez,2022-10-21
886,Isabel,Martin,2022-12-27
887,Grace,Martinez,2022-05-08
888,Olivia,White,2023-04-23
889,Frank,Jones,2022-12-09
890,Rachel,Martin,2023-06-30
891,Peter,Moore,2023-01-03
892,Bob,Hernandez,2022-12-04
893,Zach,White,2023-06-11
894,Grace,Thomas,2023-03-31
895,Wendy,Perez,2023-12-21
896,Bob,Thomas,2023-06-24
897,Quincy,Lee,2022-03-14
898,Mary,Jackson,2023-11-17
899,Diana,Rodriguez,2023-03-20
900,Isabel,Smith,2023-09-14
901,Karen,Williams,2022-11-16
902,John,Thompson,2022-06-05
903,Eve,Rodriguez,2023-11-03
904,Olivia,Jones,2022-10-01
905,Wendy,Martin,2022-07-01
906,Isabel,Thompson,2023-09-20
907,Charlie,Miller,2022-09-16
908,Quincy,Johnson,2023-02-04
909,Frank,Garcia,2023-03-17
910,Luke,Anderson,2023-01-28
911,Frank,Wilson,2023-01-10
912,Yvonne,Garcia,2023-10-13
913,Rachel,Gonzalez,2023-09-24
914,Isabel,Thompson,2023-03-03
915,Isabel,Johnson,2022-05-11
916,Victor,Jackson,2023-05-26
917,Victor,Lopez,2022-01-05
918,Charlie,Perez,2023-04-12
919,Tina,Gonzalez,2023-02-11
920,Grace,Williams,2023-11-16
921,Diana,Garcia,2023-10-23
922,Karen,Smith,2023-06-17
923,Quincy,Jones,2022-03-03
924,Diana,Jones,2022-01-03
925,Grace,Martinez,2022-06-13
926,Wendy,Brown,2022-03-19
927,Frank,Taylor,2022-08-11
928,Henry,Martin,2022-12-03
929,Frank,Thomas,2023-03-20
930,Victor,Martin,2022-01-15
931,Diana,Wilson,2023-10-18
932,Victor,Perez,2023-04-24
933,Tina,Gonzalez,2022-04-02
934,Xavier,Martinez,2023-04-16
935,Wendy,Gonzalez,2023-08-29
936,Nathan,Moore,2022-09-09
937,Xavier,Moore,2023-03-06
938,Rachel,Miller,2022-11-01
939,Frank,Thomas,2022-10-14
940,Tina,Williams,2023-05-06
941,Quincy,Smith,2022-08-07
942,Peter,Brown,2023-08-02
943,Luke,Lee,2023-12-01
944,Bob,Smith,2022-06-09
945,Isabel,Garcia,2022-07-24
946,John,Moore,2022-01-06
947,Henry,Wilson,2023-12-14
948,Steve,Williams,2022-05-16
949,Nathan,White,2022-05-27
950,Wendy,Moore,2023-06-14
951,Zach,Smith,2022-10-19
952,Eve,Smith,2023-04-26
953,Nathan,Moore,2022-06-24
954,Uma,Rodriguez,2022-09-10
955,Frank,Jackson,2023-01-11
956,Luke,Moore,2023-06-09
957,Luke,Anderson,2022-05-10
958,Frank,Taylor,2023-10-17
959,John,Williams,2023-02-23
960,Bob,Lopez,2022-06-17
961,Henry,Jackson,2022-03-24
962,Steve,Martin,2022-04-12
963,Olivia,Hernandez,2022-01-21
964,Luke,Anderson,2023-04-06
965,Eve,Gonzalez,2023-10-18
966,Nathan,Taylor,2022-08-03
967,Steve,Williams,2022-02-09
968,Charlie,Lopez,2022-05-09
969,Zach,Martinez,2023-08-22
970,Wendy,Thompson,2023-03-26
971,Bob,Martinez,2023-07-01
972,Peter,Smith,2022-02-04
973,Rachel,Garcia,2023-11-01
974,Tina,Thompson,2022-10-19
975,Mary,Gonzalez,2023-11-01
976,Isabel,Anderson,2022-06-17
977,Zach,Johnson,2022-02-23
978,Victor,Williams,2023-11-21
979,Bob,Thomas,2023-07-26
980,Wendy,Gonzalez,2022-07-05
981,Zach,Thomas,2022-07-07
982,Wendy,Wilson,2022-02-24
983,Bob,Martinez,2023-10-03
984,Quincy,Lee,2022-06-12
985,Nathan,Garcia,2023-11-18
986,Isabel,Jones,2023-01-04
987,Luke,Johnson,2023-10-09
988,Eve,Davis,2022-01-07
989,Bob,Miller,2022-12-19
990,Steve,Davis,2022-10-29
991,Steve,Perez,2022-04-16
992,Quincy,Lopez,2022-03-02
993,Olivia,Perez,2022-01-27
994,Grace,Taylor,2022-11-25
995,Tina,Brown,2023-12-28
996,Eve,Smith,2023-10-05
997,Tina,Martin,2022-09-20
998,Tina,Williams,2023-04-05
999,Grace,Gonzalez,2023-09-30
1000,Bob,Perez,2023-06-09
1001,Wendy,Brown,2023-04-14
1002,Rachel,Anderson,2022-11-29
1003,Luke,Garcia,2022-10-14
1004,Nathan,Taylor,2022-08-18
1005,Nathan,Rodriguez,2023-12-01
1006,Yvonne,Moore,2022-11-09
1007,Luke,Thomas,2023-11-13
1008,Bob,Wilson,2023-07-03
1009,Karen,Miller,2022-01-22
1010,Uma,White,2023-10-27
1011,Wendy,Gonzalez,2022-03-29
1012,Rachel,Wilson,2022-10-18
1013,Wendy,Jones,2022-03-10
1014,Rachel,Harris,2023-11-06
1015,Tina,Gonzalez,2023-01-28
1016,Isabel,Moore,2022-07-12
1017,Isabel,Taylor,2023-01-25
1018,John,Thomas,2022-11-12
1019,Peter,Anderson,2023-12-13
1020,Peter,Wilson,2023-04-08
1021,Victor,Rodriguez,2022-07-01
1022,Tina,Williams,2022-12-06
1023,Wendy,Martin,2022-06-02
1024,Isabel,Jackson,2023-12-03
1025,Zach,Thompson,2022-05-22
1026,John,Hernandez,2023-01-06
1027,Wendy,Gonzalez,2023-01-01
1028,Tina,Gonzalez,2023-02-07
1029,Henry,Taylor,2023-08-08
1030,Bob,Wilson,2022-07-16
1031,Steve,Gonzalez,2022-09-06
1032,Peter,Thomas,2022-04-06
1033,Xavier,Gonzalez,2023-07-20
1034,Olivia,Williams,2022-02-09
1035,Steve,White,2023-09-15
1036,Rachel,Martin,2022-05-23
1037,Karen,Lopez,2023-04-24
1038,Karen,Rodriguez,2023-05-22
1039,Alice,Harris,2022-01-22
1040,Uma,Perez,2022-05-05
1041,Alice,Lopez,2022-07-08
1042,Uma,Williams,2022-08-04
1043,Karen,Lopez,2023-12-09
1044,Isabel,Thomas,2023-03-16
1045,John,Perez,2022-11-28
1046,Bob,Garcia,2022-07-26
1047,Wendy,Jackson,2023-02-13
1048,Uma,Lopez,2023-06-21
1049,Zach,Gonzalez,2023-09-30
1050,Grace,Martinez,2022-06-28
1051,Quincy,Moore,2022-09-23
1052,Eve,Miller,2023-10-07
1053,Luke,Hernandez,2022-10-09
1054,Peter,Taylor,2023-10-11
1055,Karen,Anderson,2022-06-04
1056,Xavier,Thompson,2023-05-17
1057,Alice,Lopez,2023-03-25
1058,Peter,Jones,2022-01-08
1059,Xavier,Rodriguez,2023-08-15
1060,John,Thomas,2023-08-29
1061,Grace,Hernandez,2022-05-27
1062,Steve,Williams,2022-10-13
1063,Tina,Perez,2023-09-17
1064,Eve,Harris,2023-01-29
1065,Zach,Thomas,2022-11-12
1066,Yvonne,Martinez,2023-12-09
1067,Xavier,Lopez,2023-01-26
1068,Luke,Johnson,2022-03-17
1069,Frank,Martinez,2023-11-21
1070,Tina,Moore,2022-01-04
1071,Eve,Miller,2022-02-23
1072,Karen,Gonzalez,2023-12-01
1073,Steve,Smith,2023-05-27
1074,Karen,Rodriguez,2022-10-30
1075,Charlie,Lee,2023-11-29
1076,John,Perez,2023-04-17
1077,Xavier,Martin,2022-08-11
1078,Tina,Hernandez,2023-11-24
1079,Nathan,Miller,2023-07-20
1080,Luke,Lee,2023-11-21
1081,Xavier,Smith,2022-03-23
1082,Steve,Lopez,2023-01-24
1083,Grace,Hernandez,2022-08-16
1084,John,White,2022-10-17
1085,Yvonne,Thomas,2022-07-05
1086,Mary,Lopez,2022-06-13
1087,Charlie,Jones,2022-09-11
1088,Xavier,Lopez,2023-12-20
1089,Victor,Miller,2023-06-28
1090,Diana,White,2023-02-28
1091,Steve,Martin,2022-04-18
1092,Victor,Jackson,2023-10-17
1093,Luke,Lee,2022-11-18
1094,Victor,Gonzalez,2022-07-11
1095,Quincy,Martin,2023-10-05
1096,Xavier,Lopez,2023-07-15
1097,Quincy,Miller,2023-11-10
1098,Uma,Jones,2022-07-28
1099,Wendy,Davis,2022-03-26
1100,Victor,Brown,2023-09-26
1101,Uma,Gonzalez,2022-07-23
1102,Xavier,Lee,2022-04-16
1103,Nathan,Martin,2022-05-20
1104,Tina,Hernandez,2022-05-20
1105,Grace,Thompson,2023-05-20
1106,Wendy,Gonzalez,2022-12-07
1107,Tina,Harris,2022-10-03
1108,Mary,Wilson,2023-01-25
1109,Yvonne,Gonzalez,2023-04-25
1110,Xavier,Johnson,2023-03-09
1111,Grace,Miller,2022-07-24
1112,Nathan,Martinez,2022-07-03
1113,Karen,Smith,2023-10-03
1114,Karen,Perez,2022-01-22
1115,Eve,Wilson,2022-03-14
1116,Diana,Rodriguez,2022-10-08
1117,John,Lee,2023-01-10
1118,Tina,Harris,2022-03-06
1119,Grace,Jackson,2023-06-04
1120,Eve,Jackson,2023-12-24
1121,Bob,Gonzalez,2023-02-06
1122,Grace,Johnson,2023-07-15
1123,Uma,Martinez,2022-10-30
1124,Yvonne,Wilson,2022-08-30
1125,Steve,Brown,2022-09-19
1126,Luke,Williams,2023-09-06
1127,Eve,Wilson,2022-04-08
1128,Mary,White,2023-01-06
1129,Zach,Martinez,2023-03-31
1130,Nathan,Rodriguez,2022-07-09
1131,Alice,Moore,2023-03-26
1132,Quincy,Miller,2022-12-27
1133,Uma,Hernandez,2023-06-26
1134,Charlie,Jackson,2023-11-09
1135,Grace,Garcia,2023-01-21
1136,Charlie,White,2022-03-10
1137,Diana,Gonzalez,2023-05-14
1138,Isabel,Smith,2022-09-15
1139,Eve,Thomas,2022-03-25
1140,Wendy,Rodriguez,2022-05-21
1141,Bob,Hernandez,2022-11-10
1142,Alice,Wilson,2022-01-03
1143,Frank,Wilson,2023-10-05
1144,Tina,Garcia,2023-03-01
1145,Eve,Thompson,2023-06-19
1146,Quincy,Perez,2022-12-02
1147,John,Williams,2023-06-04
1148,Grace,Jackson,2023-10-31
1149,Steve,Jackson,2022-01-26
1150,Uma,Davis,2023-06-21
1151,Quincy,Brown,2022-01-25
1152,Quincy,Wilson,2022-06-11
1153,Peter,Jones,2023-07-20
1154,Grace,Martin,2023-04-10
1155,Wendy,Williams,2023-01-05
1156,Olivia,Smith,2023-03-12
1157,John,Thomas,2023-06-07
1158,Eve,Lopez,2022-05-28
1159,Steve,Gonzalez,2022-02-24
1160,Nathan,Harris,2022-06-06
1161,Yvonne,Wilson,2022-12-15
1162,Henry,Wilson,2022-12-12
1163,Nathan,Jackson,2022-02-07
1164,Yvonne,Martinez,2022-04-29
1165,Luke,Gonzalez,2023-08-29
1166,Karen,Martinez,2023-05-23
1167,Tina,Johnson,2022-09-07
1168,Peter,Hernandez,2022-08-08
1169,Zach,White,2023-05-20
1170,Uma,Anderson,2022-05-10
1171,Nathan,Williams,2023-11-19
1172,Wendy,Hernandez,2023-10-03
1173,John,Martin,2023-08-14
1174,Charlie,Wilson,2022-10-01
1175,Luke,Johnson,2022-06-02
1176,Alice,Taylor,2022-10-29
1177,Karen,Brown,2023-02-11
1178,Victor,Martin,2023-10-19
1179,Mary,Anderson,2022-12-06
1180,Eve,Johnson,2022-01-09
1181,Olivia,Perez,2023-06-27
1182,Eve,Thompson,2022-11-11
1183,Zach,Harris,2023-07-01
1184,Henry,Jackson,2023-08-01
1185,Bob,Rodriguez,2022-10-13
1186,Victor,Brown,2023-03-24
1187,Nathan,Davis,2022-03-12
1188,Tina,Lee,2022-09-19
1189,Steve,Hernandez,2022-12-04
1190,Frank,Lopez,2022-12-28
1191,Bob,Taylor,2022-09-12
1192,Luke,Rodriguez,2023-08-18
1193,Henry,Lee,2022-12-23
1194,Xavier,Miller,2022-09-01
1195,Eve,Martin,2022-10-16
1196,Wendy,Taylor,2022-02-26
1197,Olivia,White,2023-11-12
1198,Nathan,Anderson,2022-04-03
1199,Grace,Hernandez,2022-05-20
1200,Henry,Anderson,2022-12-09
1201,Rachel,Harris,2022-11-25
1202,Steve,Hernandez,2023-11-24
1203,Yvonne,Thomas,2023-07-19
1204,Rachel,Williams,2023-06-11
1205,Luke,Lopez,2022-11-12
1206,Luke,Williams,2023-02-15
1207,Quincy,Gonzalez,2022-09-30
1208,Frank,Brown,2023-10-29
1209,Mary,Taylor,2023-08-29
1210,Grace,Wilson,2022-05-19
1211,Karen,Gonzalez,2022-12-12
1212,Frank,Smith,2022-04-23
1213,Charlie,Rodriguez,2023-01-31
1214,Wendy,Moore,2023-09-17
1215,Xavier,Martinez,2022-12-25
1216,Grace,Miller,2022-04-12
1217,Yvonne,Thompson,2022-01-04
1218,Peter,Miller,2022-04-13
1219,Diana,Miller,2022-06-12
1220,Isabel,Garcia,2022-10-07
1221,Isabel,Williams,2023-02-05
1222,Steve,Thomas,2022-11-26
1223,Peter,Martinez,2022-05-26
1224,Quincy,Brown,2023-05-19
1225,Alice,Jones,2022-01-02
1226,Mary,Garcia,2022-03-16
1227,Zach,Jones,2023-03-03
1228,Quincy,Garcia,2023-08-15
1229,Victor,Thomas,2023-03-12
1230,Steve,Moore,2022-08-26
1231,Grace,Davis,2023-01-18
1232,Uma,Thomas,2023-06-27
1233,Tina,Taylor,2022-09-29
1234,Yvonne,Anderson,2023-05-12
1235,Uma,Jones,2023-01-20
1236,Charlie,Garcia,2023-06-10
1237,Charlie,Gonzalez,2023-12-27
1238,Frank,White,2023-03-21
1239,Xavier,Jackson,2022-12-22
1240,Yvonne,Johnson,2023-01-20
1241,Isabel,Williams,2022-08-28
1242,Olivia,Wilson,2023-01-04
1243,Isabel,Thomas,2022-07-31
1244,Frank,Miller,2023-12-09
1245,Tina,White,2023-03-13
1246,Isabel,Martinez,2023-01-12
1247,Xavier,Anderson,2022-01-26
1248,Olivia,Smith,2023-03-06
1249,Quincy,Martinez,2023-11-06
1250,Steve,Wilson,2023-05-01
1251,Xavier,Lee,2022-05-09
1252,Uma,Taylor,2022-11-21
1253,Steve,Miller,2023-07-17
1254,Mary,Davis,2023-08-07
1255,Yvonne,Garcia,2023-05-19
1256,Diana,Lopez,2022-10-22
1257,Xavier,Taylor,2023-09-29
1258,Frank,Thomas,2023-08-31
1259,Eve,Wilson,2022-06-20
1260,Bob,Thomas,2022-10-11
1261,Diana,Smith,2022-10-01
1262,Grace,Taylor,2022-07-26
1263,Steve,Lee,2022-12-23
1264,Zach,Hernandez,2022-05-24
1265,Isabel,Wilson,2023-05-22
1266,Wendy,Martin,2023-12-16
1267,John,Williams,2022-12-06
1268,Quincy,Taylor,2023-06-20
1269,Isabel,Davis,2023-09-05
1270,Frank,Hernandez,2022-10-04
1271,Bob,Thomas,2023-04-10
1272,Isabel,Martinez,2022-01-10
1273,Eve,Jones,2023-08-03
1274,Wendy,Gonzalez,2023-01-28
1275,Olivia,Lopez,2022-01-21
1276,John,Johnson,2022-03-09
1277,Mary,Smith,2023-01-06
1278,Olivia,Johnson,2023-08-23
1279,Alice,Harris,2023-03-08
1280,Zach,Thomas,2022-03-21
1281,Olivia,Rodriguez,2022-03-28
1282,Luke,Martinez,2022-11-13
1283,Diana,Miller,2022-12-09
1284,Olivia,Taylor,2022-09-03
1285,Diana,Miller,2023-09-27
1286,John,Garcia,2023-07-29
1287,Zach,Martinez,2022-12-19
1288,Victor,Davis,2023-09-02
1289,Wendy,Thomas,2022-04-19
1290,Steve,Martinez,2023-03-20
1291,John,Brown,2022-11-22
1292,Mary,Thomas,2022-09-13
1293,Bob,Anderson,2022-12-20
1294,Frank,Harris,2023-09-06
1295,Grace,Jackson,2022-12-04
1296,Grace,Rodriguez,2023-12-30
1297,Yvonne,Brown,2022-12-08
1298,Olivia,Davis,2022-03-03
1299,Olivia,Harris,2022-02-19
1300,Eve,Perez,2022-04-19
1301,Alice,Rodriguez,2023-09-27
1302,Uma,Lopez,2022-11-23
1303,Mary,Moore,2022-05-10
1304,Zach,Brown,2023-12-12
1305,Charlie,Williams,2023-11-30
1306,Isabel,Rodriguez,2022-09-21
1307,Bob,Davis,2023-05-21
1308,Diana,Martin,2023-07-05
1309,Olivia,Garcia,2023-07-19
1310,John,Moore,2022-11-29
1311,Isabel,Hernandez,2023-08-26
1312,Grace,Lee,2023-11-27
1313,Steve,Taylor,2023-12-08
1314,Charlie,Martinez,2023-10-31
1315,Diana,Hernandez,2023-12-20
1316,Frank,Martinez,2022-07-11
1317,Olivia,Moore,2023-01-07
1318,Xavier,Moore,2023-11-09
1319,Victor,Garcia,2023-01-09
1320,Luke,Lee,2022-12-01
1321,Grace,Taylor,2023-01-05
1322,Mary,Hernandez,2022-04-17
1323,Zach,Harris,2022-01-16
1324,Nathan,Rodriguez,2023-12-02
1325,Steve,Smith,2023-10-08
1326,Henry,Martinez,2022-08-11
1327,Steve,Thomas,2023-08-15
1328,Steve,Perez,2023-10-10
1329,Tina,White,2022-01-10
1330,Diana,Brown,2022-10-23
1331,Quincy,Lee,2023-06-26
1332,Luke,Gonzalez,2023-12-02
1333,Bob,White,2023-04-29
1334,Rachel,Thompson,2023-03-27
1335,Nathan,Gonzalez,2023-07-03
1336,Olivia,Garcia,2023-09-08
1337,Steve,Miller,2022-02-27
1338,Isabel,Davis,2022-11-28
1339,Peter,Brown,2022-06-19
1340,Tina,Martinez,2023-09-23
1341,Olivia,Moore,2022-11-14
1342,Steve,Harris,2023-05-29
1343,Quincy,Perez,2022-11-27
1344,Diana,Smith,2023-04-23
1345,Victor,Harris,2022-04-27
1346,Nathan,Davis,2023-01-23
1347,Alice,Jones,2023-04-17
1348,Victor,Harris,2023-10-24
1349,Rachel,Jackson,2022-02-28
1350,Quincy,Wilson,2023-08-12
1351,Quincy,Miller,2022-02-23
1352,Frank,Williams,2022-09-09
1353,John,Williams,2023-12-24
1354,Charlie,Martin,2022-10-24
1355,Alice,Gonzalez,2023-04-28
1356,Tina,Lee,2022-04-13
1357,Wendy,Williams,2022-08-24
1358,Victor,Thompson,2023-08-19
1359,Eve,Williams,2023-02-24
1360,Charlie,Rodriguez,2023-04-18
1361,Peter,Smith,2022-02-27
1362,Nathan,Jones,2022-01-16
1363,Uma,Hernandez,2022-03-22
1364,Luke,Wilson,2023-02-22
1365,Quincy,Jackson,2022-07-13
1366,Eve,Wilson,2022-10-06
1367,Charlie,Lee,2022-04-06
1368,Mary,Davis,2023-10-17
1369,Alice,Martin,2022-12-02
1370,Diana,Brown,2023-09-27
1371,Nathan,Taylor,2022-04-28
1372,Eve,Lopez,2023-12-13
1373,Rachel,Perez,2022-09-04
1374,Diana,Thomas,2023-02-11
1375,Henry,Miller,2023-11-30
1376,Steve,Gonzalez,2022-02-07
1377,John,Brown,2022-03-17
1378,Luke,Hernandez,2022-03-28
1379,Charlie,Jackson,2023-08-12
1380,Rachel,Miller,2023-12-18
1381,Charlie,Lee,2022-05-08
1382,Zach,Martin,2023-08-17
1383,John,Lee,2022-06-10
1384,Charlie,Brown,2022-09-23
1385,Yvonne,Perez,2022-01-05
1386,Karen,Thomas,2023-09-12
1387,Isabel,Rodriguez,2023-02-22
1388,Karen,Miller,2022-09-06
1389,Bob,Brown,2022-11-13
1390,Tina,Smith,2022-10-04
1391,Bob,Garcia,2022-05-22
1392,Yvonne,Jones,2023-12-11
1393,Mary,Smith,2022-11-03
1394,Tina,Moore,2022-04-19
1395,Xavier,Thomas,2022-06-02
1396,Diana,Harris,2022-09-28
1397,Peter,Gonzalez,2022-03-19
1398,Victor,Perez,2022-08-30
1399,Henry,Lee,2022-05-12
1400,Grace,Smith,2023-03-14
1401,Yvonne,Gonzalez,2022-10-31
1402,Steve,Taylor,2022-06-07
1403,Grace,Smith,2023-08-29
1404,Yvonne,Martin,2023-12-25
1405,Henry,Wilson,2022-03-12
1406,Wendy,Anderson,2023-06-14
1407,Uma,Williams,2022-05-11
1408,Karen,Rodriguez,2023-05-27
1409,Grace,Perez,2022-09-14
1410,Olivia,Garcia,2022-12-18
1411,John,Martin,2023-12-15
1412,Olivia,Davis,2023-11-12
1413,Eve,Thomas,2023-03-24
1414,Peter,Johnson,2022-02-15
1415,Xavier,Garcia,2022-01-30
1416,Olivia,Gonzalez,2022-09-21
1417,Wendy,Davis,2023-04-16
1418,Rachel,Jones,2023-08-07
1419,Steve,Lee,2023-01-18
1420,Mary,Davis,2022-08-15
1421,Uma,Harris,2023-12-10
1422,Tina,Johnson,2022-01-26
1423,Charlie,Garcia,2022-09-18
1424,Xavier,Anderson,2022-03-27
1425,Henry,Lee,2023-12-05
1426,Henry,Davis,2023-08-18
1427,Charlie,Miller,2022-01-23
1428,Steve,Lopez,2022-12-04
1429,Eve,White,2022-06-23
1430,Frank,Miller,2023-01-13
1431,Victor,Martinez,2023-05-24
1432,Bob,Harris,2022-10-12
1433,Bob,Anderson,2023-03-02
1434,Yvonne,Martin,2022-05-11
1435,Nathan,Jones,2022-06-26
1436,Karen,Martin,2022-11-19
1437,Rachel,Williams,2023-07-14
1438,Diana,Harris,2023-04-23
1439,Xavier,Wilson,2022-07-19
1440,Tina,Wilson,2023-10-13
1441,Xavier,Williams,2023-03-17
1442,Rachel,Jackson,2022-11-13
1443,Eve,Williams,2023-01-23
1444,Nathan,White,2023-07-08
1445,Uma,Lee,2022-12-25
1446,Nathan,Brown,2023-12-28
1447,Eve,Garcia,2023-03-03
1448,Karen,Miller,2022-11-29
1449,Rachel,Jackson,2023-02-13
1450,Yvonne,Garcia,2022-06-03
1451,Steve,Williams,2023-04-25
1452,Eve,Jackson,2023-09-29
1453,Isabel,Jackson,2022-04-29
1454,Isabel,Taylor,2023-07-07
1455,Frank,Martin,2023-04-14
1456,Frank,White,2023-10-26
1457,Steve,Gonzalez,2023-10-28
1458,Wendy,Thompson,2022-01-01
1459,Yvonne,Gonzalez,2022-03-22
1460,Henry,Brown,2022-08-30
1461,John,Rodriguez,2023-06-11
1462,Zach,Miller,2023-02-11
1463,Mary,Jackson,2022-05-30
1464,Isabel,Martinez,2023-08-31
1465,Zach,Jackson,2023-03-23
1466,Bob,Williams,2022-06-13
1467,Mary,Gonzalez,2022-09-26
1468,Karen,Taylor,2022-06-14
1469,Quincy,Harris,2022-12-05
1470,Diana,Lee,2023-11-27
1471,Henry,Thompson,2022-04-08
1472,Yvonne,Thompson,2023-07-28
1473,Wendy,Williams,2023-02-01
1474,Frank,Lopez,2023-04-10
1475,Isabel,Martinez,2022-11-08
1476,Luke,Johnson,2023-09-09
1477,Diana,Anderson,2023-11-29
1478,Xavier,Thompson,2023-02-15
1479,Frank,Lopez,2022-08-13
1480,Zach,Jones,2022-10-12
1481,Olivia,Taylor,2022-04-28
1482,Wendy,Gonzalez,2022-02-15
1483,Zach,Jones,2023-05-13
1484,Mary,Rodriguez,2023-07-05
1485,Quincy,Rodriguez,2023-06-28
1486,Xavier,Lee,2023-12-18
1487,Olivia,Martin,2023-07-23
1488,John,Wilson,2022-07-26
1489,Eve,Martin,2022-03-05
1490,Frank,Harris,2023-03-20
1491,Eve,Perez,2022-08-26
1492,Steve,Johnson,2022-04-28
1493,Mary,Jones,2022-10-04
1494,Yvonne,White,2022-03-04
1495,Nathan,Anderson,2022-10-05
1496,Charlie,Jackson,2022-12-13
1497,Yvonne,Anderson,2022-10-07
1498,Tina,Thomas,2022-06-02
1499,Steve,Perez,2022-12-19
1500,Zach,Moore,2022-11-07
1501,Olivia,Smith,2022-03-31
1502,John,Wilson,2022-02-03
1503,Diana,Moore,2023-09-14
1504,Wendy,Thomas,2022-04-11
1505,Charlie,Johnson,2023-10-01
1506,Zach,Taylor,2023-04-08
1507,Grace,Martinez,2022-04-19
1508,Luke,Brown,2023-10-15
1509,Xavier,Hernandez,2022-07-09
1510,Zach,Wilson,2023-04-18
1511,Olivia,Anderson,2023-09-13
1512,Bob,Moore,2022-04-18
1513,Tina,Gonzalez,2022-10-21
1514,Olivia,Martin,2023-08-22
1515,Yvonne,Perez,2023-11-06
1516,Henry,Hernandez,2023-04-29
1517,Luke,Martinez,2022-07-18
1518,Zach,White,2022-10-10
1519,Wendy,Miller,2022-04-14
1520,Quincy,White,2022-05-27
1521,Xavier,White,2022-08-24
1522,Quincy,Rodriguez,2023-03-19
1523,Charlie,Garcia,2023-04-19
1524,Yvonne,Wilson,2023-06-29
1525,Victor,Moore,2022-12-15
1526,Wendy,Thomas,2023-02-22
1527,Henry,Jackson,2022-07-30
1528,Diana,Martin,2023-08-18
1529,Frank,Lopez,2022-02-20
1530,Charlie,Gonzalez,2022-05-28
1531,Karen,Anderson,2023-05-14
1532,Henry,Smith,2022-08-05
1533,Tina,Miller,2023-01-05
1534,Victor,Smith,2023-03-17
1535,Tina,Wilson,2023-12-02
1536,Charlie,Taylor,2023-09-03
1537,Peter,Lopez,2022-08-08
1538,Rachel,Davis,2023-08-22
1539,Charlie,Harris,2022-02-11
1540,Peter,Jackson,2022-07-03
1541,Victor,Davis,2023-03-25
1542,Eve,Hernandez,2022-02-17
1543,Victor,Lopez,2023-03-21
1544,Nathan,Lee,2022-01-06
1545,Frank,Harris,2022-03-23
1546,Henry,Hernandez,2022-05-03
1547,Olivia,Brown,2022-02-14
1548,Xavier,Moore,2023-07-16
1549,Tina,Lee,2023-10-12
1550,Yvonne,Thomas,2023-12-01
1551,Isabel,Jackson,2022-05-12
1552,Yvonne,Williams,2023-03-02
1553,Tina,Wilson,2022-03-05
1554,Peter,Harris,2022-02-12
1555,Isabel,Jackson,2023-09-05
1556,Yvonne,Wilson,2023-08-25
1557,Karen,Lee,2022-08-19
1558,Uma,Perez,2022-03-08
1559,Peter,Jackson,2023-10-24
1560,Quincy,Hernandez,2023-05-09
1561,Mary,White,2023-09-06
1562,Tina,Jackson,2022-04-24
1563,Wendy,Martin,2022-02-12
1564,Karen,Garcia,2023-03-02
1565,Mary,Smith,2023-10-19
1566,Wendy,Wilson,2023-07-10
1567,Victor,Miller,2022-12-31
1568,Rachel,Smith,2022-12-16
1569,Eve,Brown,2023-04-02
1570,Quincy,Martin,2022-10-22
1571,Yvonne,Martinez,2023-08-07
1572,Isabel,Taylor,2022-12-28
1573,Henry,Wilson,2022-04-21
1574,Steve,Lopez,2022-02-26
1575,Charlie,Davis,2023-12-17
1576,Zach,Martinez,2022-09-28
1577,Wendy,Anderson,2023-09-17
1578,Nathan,Lee,2022-08-10
1579,Nathan,Brown,2022-10-22
1580,Uma,Garcia,2023-01-11
1581,Diana,Smith,2022-04-16
1582,Eve,White,2022-08-09
1583,Nathan,Thompson,2022-10-01
1584,Steve,Hernandez,2022-12-20
1585,John,Smith,2023-11-17
1586,Xavier,Taylor,2022-07-19
1587,Henry,Rodriguez,2022-10-02
1588,Henry,Miller,2023-03-28
1589,Grace,Davis,2022-08-15
1590,Bob,Hernandez,2022-04-06
1591,Wendy,White,2023-12-05
1592,Diana,Anderson,2022-10-08
1593,Bob,Thomas,2022-07-24
1594,Rachel,Martin,2023-03-29
1595,Peter,Martin,2023-12-20
1596,Wendy,White,2022-02-16
1597,Victor,Thompson,2022-08-29
1598,Bob,Anderson,2023-01-11
1599,Wendy,Wilson,2023-10-26
1600,Zach,Brown,2022-11-18
1601,Wendy,Jones,2022-09-21
1602,Isabel,Taylor,2023-12-14
1603,Alice,White,2023-05-18
1604,Uma,Wilson,2022-08-14
1605,Yvonne,Martin,2022-02-06
1606,Zach,Wilson,2022-03-22
1607,Zach,Jackson,2022-03-11
1608,Charlie,Hernandez,2023-06-26
1609,Quincy,Miller,2022-09-17
1610,Karen,Rodriguez,2023-01-07
1611,Uma,Garcia,2022-10-16
1612,Yvonne,Martin,2022-07-06
1613,Luke,Lee,2022-03-02
1614,Quincy,Johnson,2022-07-29
1615,Karen,Wilson,2022-07-25
1616,Mary,Thompson,2022-09-28
1617,Tina,Smith,2023-04-23
1618,Bob,Miller,2022-08-22
1619,Henry,Moore,2023-09-29
1620,Tina,Miller,2022-02-18
1621,Zach,Jackson,2022-03-23
1622,Eve,Anderson,2022-07-05
1623,Alice,Miller,2023-01-10
1624,Alice,Thomas,2022-08-16
1625,Charlie,Moore,2023-08-20
1626,Quincy,Moore,2023-08-18
1627,Luke,Lee,2023-01-24
1628,Yvonne,Perez,2023-10-10
1629,Frank,Martin,2022-11-10
1630,Victor,Anderson,2023-09-29
1631,John,Harris,2022-02-14
1632,Frank,Garcia,2022-11-19
1633,Grace,Jackson,2022-05-06
1634,Eve,Moore,2023-01-02
1635,Henry,Thomas,2023-06-12
1636,Quincy,Williams,2022-05-21
1637,Xavier,Miller,2022-04-07
1638,Luke,Lopez,2022-09-27
1639,Henry,Lee,2023-01-12
1640,Eve,Miller,2022-08-25
1641,John,Wilson,2022-02-22
1642,Bob,Smith,2022-09-28
1643,Henry,Johnson,2023-02-01
1644,Zach,Rodriguez,2023-04-27
1645,Karen,Lopez,2023-08-05
1646,Nathan,Martinez,2023-05-27
1647,Alice,Martin,2022-09-05
1648,Rachel,Martinez,2022-04-10
1649,Zach,Jackson,2022-01-01
1650,Steve,Williams,2022-07-08
1651,Diana,Williams,2022-09-24
1652,Quincy,Davis,2023-03-17
1653,Diana,Garcia,2022-01-29
1654,Zach,Martin,2022-07-09
1655,Diana,Martin,2023-03-21
1656,Wendy,White,2022-12-23
1657,Karen,Harris,2022-04-24
1658,Eve,Wilson,2023-08-20
1659,John,Wilson,2023-02-26
1660,Uma,Harris,2022-07-24
1661,Frank,Rodriguez,2023-01-01
1662,Wendy,Harris,2023-01-27
1663,Eve,Thomas,2023-06-12
1664,Diana,Smith,2022-05-16
1665,Zach,Miller,2022-02-11
1666,Mary,Johnson,2023-09-12
1667,Victor,Williams,2023-06-29
1668,Uma,Moore,2022-02-21
1669,Zach,Lopez,2022-07-27
1670,Uma,Jones,2023-03-07
1671,Olivia,Davis,2022-11-07
1672,Zach,Perez,2022-07-27
1673,Henry,Harris,2023-12-29
1674,Eve,Martin,2022-03-04
1675,Isabel,Wilson,2022-10-13
1676,Uma,Perez,2022-06-14
1677,Karen,Rodriguez,2023-04-02
1678,Alice,Lopez,2023-10-15
1679,Xavier,Martin,2022-10-02
1680,Yvonne,Brown,2022-09-04
1681,Diana,Smith,2022-07-26
1682,Victor,Hernandez,2023-09-20
1683,Victor,Thompson,2022-06-11
1684,Yvonne,Hernandez,2023-01-31
1685,Yvonne,Rodriguez,2022-08-06
1686,Olivia,Lee,2023-10-31
1687,Isabel,Johnson,2022-03-05
1688,Wendy,Martinez,2023-03-04
1689,Steve,Anderson,2023-06-18
1690,Uma,Jackson,2022-02-06
1691,Zach,Thompson,2023-07-28
1692,Henry,Martinez,2023-03-09
1693,John,Thomas,2023-12-17
1694,Wendy,Taylor,2023-02-28
1695,Mary,Garcia,2023-02-27
1696,Alice,Martin,2023-04-24
1697,Xavier,Brown,2022-05-28
1698,Uma,Martin,2022-10-09
1699,Eve,Smith,2023-12-06
1700,Quincy,Johnson,2023-02-16
1701,Olivia,Perez,2023-09-20
1702,Isabel,Martinez,2023-11-16
1703,Eve,Rodriguez,2022-11-21
1704,Tina,Anderson,2023-12-17
1705,Olivia,Martin,2023-11-18
1706,Xavier,Jackson,2023-03-02
1707,Grace,Taylor,2023-12-28
1708,Steve,Moore,2022-08-24
1709,Victor,Moore,2022-04-01
1710,Grace,White,2023-09-02
1711,Rachel,Moore,2022-12-09
1712,Frank,Anderson,2023-02-21
1713,Luke,Davis,2023-11-29
1714,Rachel,Smith,2022-10-01
1715,Karen,Brown,2023-04-07
1716,Eve,Martin,2023-10-25
1717,Peter,Brown,2022-05-16
1718,Xavier,Gonzalez,2022-12-15
1719,Karen,Martin,2022-11-03
1720,Isabel,Rodriguez,2023-01-08
1721,Nathan,Martin,2023-03-15
1722,Grace,Perez,2023-02-15
1723,Yvonne,Thomas,2023-04-06
1724,Frank,Harris,2022-03-13
1725,Bob,Moore,2022-07-21
1726,Diana,Miller,2022-04-23
1727,Peter,Anderson,2023-08-11
1728,Quincy,Jones,2023-05-09
1729,Yvonne,Martinez,2022-03-25
1730,Frank,Lee,2022-03-22
1731,Quincy,Thomas,2022-06-23
1732,Xavier,Brown,2022-11-14
1733,Victor,Harris,2022-06-27
1734,Quincy,Jones,2023-11-17
1735,Diana,Gonzalez,2022-03-05
1736,Karen,Thompson,2022-08-30
1737,Wendy,Johnson,2023-02-23
1738,Quincy,Thomas,2023-09-16
1739,Bob,Brown,2022-12-12
1740,Karen,Williams,2022-07-16
1741,Quincy,Thompson,2022-11-28
1742,Charlie,Lee,2023-04-07
1743,Eve,Harris,2023-11-19
1744,Nathan,Williams,2022-04-11
1745,Victor,Lee,2023-03-05
1746,Isabel,Williams,2023-08-05
1747,Luke,Martin,2023-11-10
1748,Eve,Martinez,2022-03-06
1749,Yvonne,Rodriguez,2023-12-07
1750,Eve,Harris,2023-09-04
1751,Victor,Gonzalez,2023-01-20
1752,Karen,Anderson,2023-09-17
1753,Uma,Martinez,2023-11-07
1754,Steve,White,2023-05-03
1755,Bob,White,2023-10-31
1756,Charlie,Smith,2022-10-30
1757,Mary,Jones,2023-08-06
1758,Diana,Moore,2023-04-20
1759,Mary,Hernandez,2023-07-28
1760,Bob,Gonzalez,2022-02-18
1761,Henry,Johnson,2023-11-28
1762,Diana,Williams,2022-07-27
1763,Charlie,Gonzalez,2022-06-13
1764,Grace,Miller,2022-02-28
1765,Steve,Jones,2023-07-31
1766,Uma,Martin,2022-03-15
1767,Olivia,Wilson,2022-10-05
1768,Xavier,Williams,2022-06-11
1769,Zach,Hernandez,2023-03-16
1770,Peter,Harris,2023-02-23
1771,Yvonne,Jackson,2023-01-25
1772,Uma,Johnson,2022-05-03
1773,Wendy,Smith,2022-11-17
1774,Eve,Thompson,2023-04-16
1775,Mary,Taylor,2022-04-08
1776,Grace,Wilson,2022-07-27
1777,Yvonne,Smith,2022-09-25
1778,Victor,Brown,2023-03-10
1779,Nathan,Gonzalez,2023-10-08
1780,John,Davis,2022-10-09
1781,Isabel,Johnson,2022-07-21
1782,Nathan,Thomas,2022-09-22
1783,Olivia,Thomas,2022-06-13
1784,Victor,Lee,2022-03-30
1785,Charlie,Harris,2023-03-14
1786,Rachel,Rodriguez,2023-04-15
1787,Olivia,Brown,2022-08-23
1788,Peter,Martinez,2023-10-24
1789,Charlie,Wilson,2022-02-10
1790,Wendy,Hernandez,2023-12-15
1791,Frank,Anderson,2023-03-03
1792,Grace,Williams,2022-11-21
1793,Bob,Miller,2022-09-14
1794,Zach,Lee,2023-02-18
1795,Bob,Johnson,2023-10-20
1796,Mary,Taylor,2023-01-07
1797,Yvonne,Smith,2023-11-09
1798,Nathan,Gonzalez,2022-04-07
1799,Diana,Lee,2023-06-28
1800,Grace,Thomas,2022-10-30
1801,Henry,Thompson,2022-02-01
1802,Frank,White,2023-08-01
1803,Karen,Thomas,2023-06-20
1804,Uma,Brown,2023-10-08
1805,Karen,Taylor,2022-02-21
1806,Eve,Lopez,2023-12-24
1807,Luke,Jones,2023-11-01
1808,Zach,Perez,2022-03-16
1809,Luke,Johnson,2023-12-20
1810,Eve,Lee,2022-12-14
1811,Xavier,Wilson,2023-01-03
1812,Nathan,Smith,2022-12-08
1813,Rachel,Harris,2022-09-26
1814,Zach,Smith,2022-08-07
1815,Diana,Anderson,2022-10-15
1816,Uma,Smith,2022-02-05
1817,Rachel,Thompson,2022-05-13
1818,Isabel,Hernandez,2023-09-13
1819,Isabel,Garcia,2022-07-03
1820,Nathan,Anderson,2023-12-11
1821,Luke,Hernandez,2023-05-31
1822,Frank,Moore,2022-11-20
1823,Diana,Harris,2022-06-07
1824,Mary,Davis,2023-08-24
1825,Eve,Jackson,2022-01-31
1826,Henry,Jones,2023-03-11
1827,Mary,Moore,2022-04-15
1828,Bob,Wilson,2023-02-27
1829,Quincy,Perez,2022-11-08
1830,Isabel,Brown,2022-02-18
1831,Luke,Thomas,2022-03-25
1832,Steve,Johnson,2023-06-09
1833,Tina,Lopez,2023-08-09
1834,Steve,Jones,2023-05-26
1835,Grace,Garcia,2023-02-06
1836,Isabel,Miller,2022-12-07
1837,Charlie,Anderson,2022-09-23
1838,Xavier,Moore,2022-11-10
1839,Charlie,Thomas,2023-12-19
1840,Peter,Gonzalez,2022-01-09
1841,Charlie,Hernandez,2023-10-12
1842,Alice,Rodriguez,2022-04-22
1843,Yvonne,Taylor,2022-03-17
1844,Eve,Brown,2022-11-18
1845,Xavier,Thompson,2022-03-14
1846,Quincy,Smith,2023-10-24
1847,Rachel,Lee,2023-02-05
1848,Rachel,Gonzalez,2022-11-22
1849,Diana,Hernandez,2022-08-03
1850,Quincy,Williams,2023-06-12
1851,Peter,White,2023-10-14
1852,Alice,Jones,2022-09-18
1853,Xavier,Moore,2023-05-09
1854,Charlie,Wilson,2023-11-29
1855,Bob,Brown,2022-10-25
1856,Yvonne,Thompson,2023-12-14
1857,Karen,Brown,2022-09-02
1858,Diana,Hernandez,2022-05-10
1859,Luke,Miller,2023-05-16
1860,Isabel,Harris,2022-05-24
1861,Karen,Harris,2023-04-05
1862,John,Garcia,2022-02-10
1863,Wendy,Garcia,2023-02-16
1864,Luke,Perez,2023-08-14
1865,Mary,Martinez,2023-07-30
1866,Yvonne,Martinez,2023-10-15
1867,Eve,Harris,2023-07-11
1868,Diana,Gonzalez,2022-09-26
1869,Steve,Brown,2022-04-14
1870,Uma,Smith,2022-09-25
1871,Alice,Lee,2022-03-02
1872,Diana,Lopez,2022-06-21
1873,Luke,Johnson,2023-12-27
1874,Nathan,Anderson,2022-12-06
1875,Nathan,Harris,2022-08-24
1876,Steve,White,2022-11-16
1877,Bob,Moore,2022-05-23
1878,Eve,Perez,2023-01-12
1879,Xavier,Lee,2022-07-23
1880,Uma,Williams,2022-02-14
1881,Xavier,White,2022-06-07
1882,Charlie,Jones,2023-05-25
1883,Yvonne,Anderson,2023-06-12
1884,Charlie,Harris,2022-06-02
1885,Grace,Jackson,2023-03-08
1886,Henry,Martinez,2023-08-17
1887,Olivia,Thompson,2023-03-29
1888,Charlie,Johnson,2022-03-20
1889,Henry,Rodriguez,2023-03-26
1890,Victor,Johnson,2023-04-13
1891,Alice,Davis,2022-08-16
1892,Isabel,Martin,2022-02-01
1893,Isabel,Taylor,2023-03-30
1894,Uma,Anderson,2022-12-19
1895,Wendy,Perez,2023-01-31
1896,Nathan,Smith,2022-06-13
1897,Peter,Smith,2023-08-22
1898,Rachel,Miller,2023-09-29
1899,Peter,Thomas,2023-08-08
1900,Olivia,Thomas,2023-01-30
1901,Olivia,Garcia,2022-12-27
1902,Karen,Perez,2022-11-26
1903,Peter,Hernandez,2022-07-21
1904,Grace,Smith,2022-07-31
1905,Victor,Martinez,2023-03-09
1906,Charlie,Harris,2022-02-28
1907,Luke,Moore,2022-06-09
1908,Henry,Taylor,2022-01-25
1909,Karen,Johnson,2023-12-25
1910,Uma,Brown,2022-08-16
1911,Zach,Perez,2023-09-14
1912,Zach,Davis,2022-01-23
1913,Bob,Rodriguez,2022-01-08
1914,Tina,Harris,2022-12-17
1915,Xavier,Jackson,2022-08-26
1916,Peter,Lee,2022-08-19
1917,Grace,Lopez,2022-11-05
1918,Quincy,Hernandez,2022-08-25
1919,Wendy,Thomas,2023-07-20
1920,Alice,Williams,2022-11-13
1921,Isabel,Anderson,2022-09-28
1922,Mary,Jones,2022-08-02
1923,Zach,Wilson,2023-03-18
1924,Wendy,Gonzalez,2023-02-21
1925,Victor,Thomas,2023-04-02
1926,Zach,Thompson,2022-10-17
1927,Olivia,Rodriguez,2022-01-16
1928,Grace,Wilson,2023-02-20
1929,Quincy,Martinez,2023-09-14
1930,John,Johnson,2023-09-22
1931,Frank,Thomas,2022-04-21
1932,Charlie,Gonzalez,2023-03-15
1933,Rachel,Gonzalez,2023-04-05
1934,Quincy,Hernandez,2023-06-14
1935,Alice,Williams,2022-03-01
1936,Steve,Wilson,2023-05-18
1937,Henry,Martinez,2023-09-02
1938,Quincy,Perez,2023-07-09
1939,Uma,Smith,2022-11-03
1940,Karen,Perez,2023-08-20
1941,Bob,Miller,2023-12-07
1942,Rachel,White,2023-02-20
1943,Zach,Jackson,2022-11-06
1944,Alice,Hernandez,2022-10-23
1945,Diana,Martin,2023-02-03
1946,Isabel,Anderson,2023-11-21
1947,Eve,Jackson,2022-01-31
1948,Nathan,Martin,2023-08-10
1949,Rachel,White,2023-11-03
1950,Xavier,Williams,2023-07-17
1951,Nathan,Martinez,2022-12-13
1952,Rachel,Anderson,2022-05-19
1953,Steve,Moore,2022-09-28
1954,Isabel,Wilson,2022-10-07
1955,Mary,Moore,2023-09-17
1956,Bob,Miller,2023-09-20
1957,Charlie,Garcia,2022-04-20
1958,Olivia,Thomas,2022-05-06
1959,John,Rodriguez,2022-07-11
1960,Yvonne,Smith,2023-06-15
1961,Henry,Jackson,2022-07-29
1962,Mary,Wilson,2022-07-21
1963,Wendy,Martinez,2023-12-03
1964,Victor,Thomas,2023-04-30
1965,John,Wilson,2023-06-04
1966,Wendy,Harris,2022-01-26
1967,Isabel,Wilson,2023-07-07
1968,Steve,Rodriguez,2023-09-30
1969,Peter,Perez,2023-01-28
1970,Peter,Davis,2023-03-18
1971,Tina,Williams,2023-02-22
1972,Quincy,Hernandez,2022-11-07
1973,Charlie,Rodriguez,2023-11-07
1974,Steve,Lopez,2022-05-17
1975,Peter,Jackson,2022-03-22
1976,Diana,Jackson,2022-03-27
1977,Peter,Gonzalez,2023-07-07
1978,John,Moore,2022-01-01
1979,Frank,White,2022-02-05
1980,Victor,Johnson,2022-10-08
1981,Nathan,Miller,2022-05-28
1982,Karen,Lopez,2023-03-05
1983,John,Taylor,2023-10-18
1984,Henry,Jackson,2023-08-27
1985,Frank,Wilson,2023-05-08
1986,Eve,Jones,2022-03-01
1987,Victor,Thompson,2023-11-18
1988,Henry,White,2022-04-29
1989,Rachel,Thompson,2022-05-16
1990,John,Jones,2022-02-24
1991,Nathan,Gonzalez,2022-12-31
1992,Victor,Thompson,2022-06-07
1993,Bob,Williams,2023-02-04
1994,Wendy,Jones,2023-10-14
1995,Peter,Wilson,2023-01-08
1996,Bob,White,2023-10-06
1997,Eve,Lee,2023-01-02
1998,Wendy,Brown,2022-07-25
1999,Uma,Thomas,2022-04-05
2000,Tina,Perez,2022-04-20
2001,Wendy,Williams,2023-08-06
2002,Alice,Williams,2022-01-24
2003,Quincy,Smith,2023-07-30
2004,Grace,Martinez,2022-08-08
2005,Karen,Martin,2023-05-13
2006,Alice,Martinez,2022-08-08
2007,Grace,Hernandez,2023-10-11
2008,Zach,Anderson,2022-10-08
2009,Steve,Taylor,2023-05-26
2010,Tina,Perez,2023-10-04
2011,Diana,Gonzalez,2022-07-13
2012,Wendy,Thomas,2023-12-06
2013,Rachel,Anderson,2022-11-05
2014,Rachel,Perez,2022-03-28
2015,Frank,Martin,2022-12-24
2016,Xavier,Miller,2023-07-29
2017,Isabel,Harris,2023-03-15
2018,Frank,Anderson,2023-11-18
2019,Steve,Davis,2023-02-14
2020,Isabel,Rodriguez,2023-12-30
2021,Olivia,Jones,2023-11-01
2022,Peter,Lopez,2022-07-19
2023,Xavier,Rodriguez,2022-06-11
2024,Victor,Miller,2022-03-30
2025,Victor,Garcia,2023-05-29
2026,John,Lopez,2023-04-14
2027,Nathan,Martin,2022-07-11
2028,Peter,Wilson,2023-08-21
2029,Victor,Moore,2023-10-08
2030,Alice,Moore,2023-04-17
2031,John,Miller,2023-05-29
2032,Olivia,White,2022-04-06
2033,John,Moore,2023-12-14
2034,Wendy,Williams,2023-09-09
2035,Olivia,Garcia,2023-10-23
2036,Rachel,Thomas,2023-12-21
2037,Frank,Jackson,2023-10-31
2038,Nathan,Lopez,2022-02-13
2039,Olivia,Rodriguez,2022-10-30
2040,Quincy,Lee,2022-04-11
2041,Steve,Moore,2023-05-12
2042,Uma,Anderson,2023-02-07
2043,Alice,Hernandez,2023-06-18
2044,Victor,Davis,2023-06-17
2045,Steve,Perez,2022-12-04
2046,Diana,Thompson,2023-12-26
2047,Diana,Miller,2023-11-01
2048,Grace,Thompson,2023-08-31
2049,Tina,Wilson,2023-07-14
2050,Wendy,White,2022-10-08
2051,Diana,Wilson,2023-06-20
2052,Alice,Anderson,2022-02-16
2053,Wendy,Harris,2022-06-10
2054,Wendy,Garcia,2022-10-19
2055,Tina,Lee,2023-04-22
2056,Quincy,Williams,2023-11-13
2057,Tina,Miller,2023-09-21
2058,John,Smith,2023-01-16
2059,Yvonne,Jones,2023-11-08
2060,Henry,Hernandez,2022-12-22
2061,Henry,Johnson,2023-04-21
2062,Wendy,Martinez,2022-04-14
2063,Peter,Davis,2022-11-05
2064,Yvonne,Moore,2023-04-25
2065,Nathan,Martinez,2022-11-12
2066,John,Lee,2022-10-27
2067,Diana,Jones,2022-05-10
2068,Yvonne,Smith,2023-07-11
2069,Henry,Harris,2022-01-28
2070,Steve,Thomas,2023-10-19
2071,Uma,Davis,2023-08-08
2072,Isabel,White,2022-03-02
2073,Yvonne,Johnson,2022-03-22
2074,Yvonne,Moore,2022-10-18
2075,Mary,Moore,2022-08-09
2076,Nathan,Smith,2023-12-10
2077,Quincy,Jackson,2023-10-23
2078,Xavier,Lee,2022-06-21
2079,Alice,Miller,2023-06-28
2080,Yvonne,Harris,2023-12-15
2081,Karen,Taylor,2022-04-17
2082,Steve,White,2022-01-03
2083,Grace,White,2022-02-04
2084,Mary,Martinez,2023-04-08
2085,John,Smith,2023-11-24
2086,Eve,Anderson,2023-01-16
2087,Olivia,Davis,2022-10-13
2088,Alice,Wilson,2023-10-10
2089,Uma,Perez,2023-11-06
2090,Quincy,Jackson,2023-01-28
2091,Grace,Rodriguez,2023-10-31
2092,Tina,Johnson,2023-09-24
2093,Bob,Garcia,2022-10-28
2094,Frank,Williams,2022-03-08
2095,Steve,Brown,2023-09-24
2096,Frank,Harris,2022-12-16
2097,Isabel,Rodriguez,2023-05-01
2098,Luke,Lee,2022-07-05
2099,Charlie,Gonzalez,2023-12-17
2100,Henry,Smith,2023-12-06
2101,Zach,Miller,2023-01-23
2102,Grace,Johnson,2023-12-14
2103,Mary,Lopez,2022-06-05
2104,Henry,Taylor,2023-06-27
2105,Karen,Rodriguez,2022-01-21
2106,Uma,Wilson,2023-11-09
2107,Frank,Wilson,2023-02-17
2108,Uma,Miller,2023-01-17
2109,Eve,Lee,2023-02-15
2110,Rachel,Harris,2023-09-30
2111,Luke,Jones,2023-05-01
2112,Tina,Moore,2022-07-18
2113,Grace,Smith,2023-04-30
2114,Victor,Lopez,2023-10-05
2115,Karen,Davis,2022-10-10
2116,Eve,Taylor,2023-05-06
2117,Wendy,Martinez,2023-09-11
2118,Henry,Wilson,2023-03-02
2119,Frank,Jackson,2022-05-05
2120,Nathan,White,2023-01-21
2121,Charlie,Jones,2023-12-19
2122,Rachel,Lopez,2023-08-25
2123,Tina,Harris,2022-04-11
2124,Luke,Moore,2022-06-27
2125,Zach,Taylor,2023-10-06
2126,Bob,Garcia,2022-04-09
2127,Uma,Wilson,2022-09-27
2128,Yvonne,Moore,2023-11-10
2129,Mary,Gonzalez,2023-11-07
2130,Rachel,Thompson,2022-10-16
2131,Frank,Thomas,2023-11-07
2132,Victor,Anderson,2023-01-13
2133,Zach,Moore,2023-04-02
2134,Yvonne,Williams,2022-02-02
2135,Charlie,Lopez,2023-08-25
2136,Quincy,Brown,2023-08-02
2137,Zach,Lee,2022-03-06
2138,Isabel,Thompson,2022-11-26
2139,Rachel,Rodriguez,2022-01-08
2140,Luke,Lee,2023-06-27
2141,Diana,Taylor,2022-04-14
2142,Yvonne,Martin,2023-10-01
2143,Bob,Garcia,2023-12-08
2144,Steve,Lee,2022-12-13
2145,Nathan,Jackson,2023-08-01
2146,Eve,Wilson,2023-11-17
2147,Isabel,Miller,2022-05-15
2148,Mary,Harris,2023-04-14
2149,Zach,Jones,2022-06-28
2150,Peter,Johnson,2022-12-07
2151,Isabel,Davis,2023-07-12
2152,Alice,Thomas,2022-03-19
2153,Uma,Thomas,2023-09-22
2154,Luke,Anderson,2022-07-24
2155,Victor,Perez,2023-03-10
2156,Henry,Perez,2023-04-19
2157,Frank,Anderson,2022-10-29
2158,Karen,Davis,2022-03-24
2159,Bob,Thomas,2022-04-20
2160,Henry,Williams,2023-06-19
2161,Frank,Miller,2022-03-22
2162,Steve,Lopez,2022-03-27
2163,Isabel,Thomas,2023-10-30
2164,Alice,Taylor,2023-10-16
2165,Steve,Gonzalez,2022-10-29
2166,Uma,Davis,2023-06-06
2167,Olivia,Wilson,2022-12-28
2168,Steve,Lee,2023-05-23
2169,Grace,Martinez,2023-04-11
2170,Diana,Thompson,2022-07-22
2171,Frank,Lee,2022-03-26
2172,Mary,Davis,2022-06-18
2173,Steve,Johnson,2022-08-31
2174,Bob,Rodriguez,2022-03-31
2175,Charlie,Martinez,2023-07-26
2176,Rachel,Jones,2022-08-09
2177,Alice,Lopez,2022-12-22
2178,Victor,White,2022-06-12
2179,Bob,Lopez,2023-11-21
2180,Grace,Davis,2023-04-19
2181,Victor,Martin,2023-07-24
2182,Wendy,Gonzalez,2023-09-25
2183,Mary,Johnson,2022-03-25
2184,Henry,Hernandez,2022-08-05
2185,Isabel,White,2023-05-07
2186,Wendy,Rodriguez,2023-03-13
2187,Nathan,White,2023-02-17
2188,Zach,Moore,2023-10-19
2189,Victor,Martin,2022-04-08
2190,Zach,Wilson,2022-06-02
2191,Eve,Smith,2023-01-09
2192,Olivia,Taylor,2023-12-28
2193,Victor,Harris,2023-01-30
2194,John,Gonzalez,2022-03-09
2195,John,Johnson,2022-03-01
2196,Karen,Taylor,2022-05-21
2197,Isabel,White,2022-04-08
2198,Tina,White,2023-10-17
2199,Henry,Taylor,2023-10-13
2200,Rachel,Williams,2022-02-02
2201,Bob,Jackson,2023-06-22
2202,Luke,Hernandez,2022-09-17
2203,Nathan,Hernandez,2023-04-20
2204,Olivia,Martin,2022-04-22
2205,Xavier,White,2022-06-08
2206,Henry,Taylor,2022-01-09
2207,Uma,Jones,2022-05-25
2208,Peter,Hernandez,2023-10-09
2209,Karen,Williams,2022-08-17
2210,Eve,Miller,2023-10-21
2211,Mary,Gonzalez,2023-10-31
2212,Isabel,Hernandez,2023-10-26
2213,Charlie,Perez,2023-03-31
2214,Isabel,Wilson,2023-10-13
2215,Grace,Thompson,2022-07-01
2216,Xavier,Martinez,2023-02-13
2217,Karen,Miller,2022-08-07
2218,Frank,Taylor,2022-10-05
2219,Uma,Smith,2022-04-11
2220,Olivia,Brown,2023-12-02
2221,Uma,Wilson,2022-11-29
2222,Olivia,Thomas,2023-07-21
2223,Mary,Martinez,2022-10-08
2224,Diana,Jones,2022-06-14
2225,Mary,Davis,2022-05-27
2226,Rachel,Lee,2022-03-17
2227,Tina,Martinez,2023-08-16
2228,Diana,Thomas,2023-04-10
2229,Xavier,Lee,2023-05-05
2230,Steve,Thompson,2022-06-24
2231,Steve,Harris,2023-10-26
2232,Charlie,White,2023-02-01
2233,Nathan,Johnson,2022-05-13
2234,Yvonne,Moore,2022-08-20
2235,Grace,Thomas,2022-06-14
2236,Frank,Jackson,2023-09-26
2237,Mary,Harris,2023-03-01
2238,Uma,Jackson,2022-04-05
2239,John,Thompson,2022-02-16
2240,Alice,Anderson,2022-08-29
2241,Tina,Hernandez,2022-10-18
2242,Rachel,Brown,2023-10-07
2243,Olivia,Anderson,2023-01-11
2244,Uma,White,2023-11-04
2245,Frank,Harris,2023-09-03
2246,Rachel,Taylor,2023-06-18
2247,Tina,Moore,2023-05-21
2248,Olivia,Thomas,2023-09-08
2249,Steve,Rodriguez,2022-04-07
2250,Victor,Jones,2023-08-10
2251,Charlie,Jones,2023-11-27
2252,Isabel,Martinez,2023-01-18
2253,Uma,Rodriguez,2023-10-06
2254,Mary,Johnson,2023-01-09
2255,Victor,Williams,2022-12-21
2256,Diana,Thompson,2023-03-11
2257,Karen,Thompson,2023-06-10
2258,Alice,Perez,2023-06-06
2259,Victor,Jackson,2023-04-11
2260,Bob,Anderson,2022-09-26
2261,Alice,Thompson,2023-02-04
2262,Tina,Moore,2023-04-30
2263,Alice,Taylor,2023-07-02
2264,Diana,Taylor,2023-04-11
2265,Nathan,Martinez,2022-04-18
2266,Eve,Martinez,2023-01-08
2267,Isabel,Anderson,2022-11-04
2268,Uma,White,2022-01-26
2269,Luke,Moore,2022-04-20
2270,Grace,Hernandez,2022-12-25
2271,Olivia,Garcia,2023-11-05
2272,John,Brown,2023-11-23
2273,Isabel,Taylor,2022-07-20
2274,Xavier,Johnson,2022-07-15
2275,Eve,Taylor,2023-12-07
2276,Quincy,Gonzalez,2022-12-31
2277,Victor,Smith,2022-05-29
2278,Karen,Perez,2022-03-06
2279,Luke,Thompson,2022-11-06
2280,Victor,Perez,2023-05-02
2281,Luke,Thompson,2022-01-18
2282,Mary,Hernandez,2022-03-29
2283,Nathan,Gonzalez,2023-10-15
2284,Bob,Thompson,2023-05-27
2285,Zach,Harris,2022-04-15
2286,Olivia,Lee,2023-01-30
2287,Rachel,Williams,2022-03-14
2288,Steve,Wilson,2023-04-28
2289,Wendy,Brown,2023-10-05
2290,Xavier,Miller,2022-08-26
2291,Olivia,Moore,2023-10-30
2292,Isabel,Garcia,2023-07-21
2293,Eve,Thompson,2022-10-08
2294,Luke,Garcia,2022-04-02
2295,Xavier,Thompson,2022-05-10
2296,Xavier,Johnson,2023-07-02
2297,Yvonne,Thompson,2023-10-27
2298,Bob,Thompson,2022-11-01
2299,Wendy,Gonzalez,2022-06-18
2300,Uma,Garcia,2023-12-26
2301,Victor,Williams,2022-10-09
2302,Charlie,Brown,2023-01-27
2303,Alice,Martin,2023-07-20
2304,Isabel,Brown,2022-01-25
2305,Bob,Harris,2022-07-09
2306,Steve,Martin,2022-12-03
2307,Steve,Martin,2023-10-25
2308,Grace,Johnson,2022-09-07
2309,Diana,White,2023-05-28
2310,Rachel,Miller,2022-09-02
2311,Isabel,Anderson,2022-07-04
2312,John,Taylor,2022-10-13
2313,John,Thompson,2023-04-18
2314,Bob,Jones,2023-05-07
2315,Xavier,Miller,2023-05-30
2316,Yvonne,Perez,2023-11-22
2317,Henry,Martinez,2023-09-15
2318,Steve,Taylor,2022-01-11
2319,Zach,Johnson,2022-10-05
2320,Luke,Smith,2023-08-23
2321,Rachel,Davis,2022-04-23
2322,Diana,Martinez,2022-11-23
2323,Olivia,Thomas,2022-04-19
2324,Alice,Taylor,2022-08-08
2325,Karen,Davis,2022-03-04
2326,Henry,White,2022-06-05
2327,Zach,Anderson,2023-02-11
2328,Uma,Williams,2023-03-11
2329,Mary,Lee,2023-04-19
2330,Steve,Taylor,2022-03-19
2331,Steve,Miller,2023-05-21
2332,Charlie,Smith,2022-02-18
2333,Diana,Harris,2022-12-01
2334,Tina,Jackson,2022-07-13
2335,Wendy,Lopez,2022-08-29
2336,Quincy,Smith,2022-08-07
2337,Peter,Smith,2023-12-20
2338,Nathan,Rodriguez,2023-08-13
2339,Rachel,Gonzalez,2022-12-20
2340,Steve,Martinez,2023-04-08
2341,Wendy,Lopez,2022-05-07
2342,Alice,Taylor,2022-12-02
2343,Karen,Brown,2023-01-27
2344,Tina,Thompson,2022-01-12
2345,Charlie,Thomas,2023-10-11
2346,Steve,Williams,2022-04-24
2347,Peter,Smith,2022-02-15
2348,Rachel,Anderson,2022-03-07
2349,Charlie,Lee,2023-04-18
2350,Nathan,Moore,2022-09-10
2351,Steve,Rodriguez,2022-05-21
2352,Alice,Moore,2022-01-13
2353,Karen,Perez,2023-01-23
2354,Karen,Harris,2022-01-27
2355,Zach,Martin,2023-01-25
2356,Uma,Garcia,2022-10-16
2357,Zach,Miller,2023-04-08
2358,Henry,Taylor,2022-08-07
2359,Isabel,Anderson,2022-08-04
2360,Uma,Johnson,2022-02-10
2361,Tina,Brown,2022-10-31
2362,Karen,Taylor,2023-10-17
2363,Zach,Martin,2022-01-21
2364,Xavier,Davis,2023-10-24
2365,Bob,Jackson,2023-07-26
2366,Luke,Wilson,2022-12-15
2367,John,Smith,2023-04-05
2368,Steve,Gonzalez,2023-04-24
2369,Luke,Rodriguez,2022-06-08
2370,Mary,Martin,2022-01-26
2371,Yvonne,Garcia,2023-08-23
2372,Steve,Taylor,2022-03-27
2373,Xavier,Gonzalez,2022-08-10
2374,Peter,Thompson,2022-02-06
2375,Victor,Perez,2022-11-02
2376,Zach,Garcia,2023-08-12
2377,Wendy,Lee,2022-04-28
2378,Frank,Martin,2023-09-05
2379,Olivia,Lee,2022-05-09
2380,Victor,Lopez,2022-03-14
2381,Grace,Davis,2022-12-31
2382,Quincy,Wilson,2023-12-09
2383,Karen,Wilson,2023-03-13
2384,Quincy,Wilson,2023-10-06
2385,Nathan,Jackson,2023-01-10
2386,Nathan,Jones,2022-11-29
2387,Yvonne,Wilson,2022-12-04
2388,Henry,Harris,2022-01-06
2389,Uma,Davis,2023-06-27
2390,Frank,Jones,2022-06-13
2391,Xavier,Miller,2022-12-05
2392,Luke,Taylor,2022-09-29
2393,Mary,Davis,2023-11-25
2394,Yvonne,Jones,2022-09-29
2395,Alice,Smith,2022-11-21
2396,Quincy,Williams,2022-03-15
2397,Peter,Moore,2023-03-05
2398,Uma,Thompson,2023-01-12
2399,Isabel,Williams,2023-03-04
2400,Xavier,Martin,2023-08-30
2401,Luke,Jones,2023-08-15
2402,Steve,Johnson,2022-02-25
2403,John,Lopez,2022-06-23
2404,Diana,Smith,2022-10-17
2405,Charlie,White,2023-11-01
2406,Alice,Lee,2023-09-28
2407,Nathan,Garcia,2023-03-30
2408,Victor,Anderson,2023-12-13
2409,Karen,Wilson,2023-03-05
2410,Rachel,Jones,2022-10-28
2411,Karen,Gonzalez,2023-01-09
2412,Grace,Garcia,2022-12-09
2413,Zach,Williams,2023-09-14
2414,Eve,Martinez,2023-04-27
2415,Luke,Williams,2023-04-27
2416,Luke,Martinez,2023-01-07
2417,Steve,Smith,2022-10-10
2418,Rachel,Williams,2022-12-05
2419,Eve,Gonzalez,2023-07-12
2420,Mary,Miller,2022-08-09
2421,Uma,Anderson,2022-09-12
2422,Rachel,Martinez,2023-08-20
2423,Mary,Davis,2023-03-28
2424,Tina,Lopez,2023-12-06
2425,Bob,Gonzalez,2023-02-24
2426,Olivia,Martinez,2022-05-28
2427,Steve,Johnson,2023-07-02
2428,Quincy,Lee,2023-12-04
2429,Rachel,Williams,2022-03-17
2430,Wendy,Jackson,2023-04-26
2431,Frank,Lee,2023-12-08
2432,Mary,Martinez,2022-09-08
2433,Olivia,Moore,2022-11-28
2434,Frank,Martin,2022-04-06
2435,Grace,Harris,2022-09-10
2436,Peter,Lopez,2023-05-31
2437,Diana,Thomas,2023-01-26
2438,Grace,Smith,2023-09-13
2439,Grace,Wilson,2022-07-22
2440,Xavier,Perez,2022-02-27
2441,Luke,Wilson,2023-08-03
2442,Alice,Perez,2023-12-03
2443,Nathan,Brown,2023-04-10
2444,Victor,Harris,2022-04-26
2445,Karen,Jackson,2023-08-12
2446,Grace,Garcia,2023-10-20
2447,Uma,Perez,2022-11-03
2448,Uma,Gonzalez,2023-07-09
2449,Eve,Williams,2022-04-19
2450,Nathan,Martinez,2023-02-18
2451,Grace,Martin,2022-05-14
2452,Nathan,Johnson,2023-08-21
2453,Luke,Miller,2022-12-18
2454,Alice,Johnson,2022-06-07
2455,Wendy,Harris,2023-01-13
2456,Olivia,Gonzalez,2022-02-06
2457,John,Rodriguez,2022-09-22
2458,Quincy,White,2022-04-09
2459,Steve,Williams,2022-04-02
2460,Frank,White,2022-11-05
2461,Yvonne,Thompson,2023-05-25
2462,Henry,Hernandez,2022-03-25
2463,Yvonne,Brown,2023-08-27
2464,Grace,Gonzalez,2023-07-04
2465,Diana,Johnson,2022-12-05
2466,John,Lopez,2022-04-21
2467,Frank,Perez,2022-09-03
2468,Victor,Gonzalez,2023-11-15
2469,Xavier,Harris,2022-02-28
2470,Frank,Thompson,2022-02-10
2471,Karen,Johnson,2022-01-25
2472,Tina,Smith,2023-02-06
2473,Isabel,Harris,2023-04-23
2474,Zach,Martinez,2022-11-24
2475,Uma,Garcia,2023-10-05
2476,John,White,2023-08-17
2477,Wendy,Williams,2023-11-08
2478,John,Lee,2022-10-02
2479,Nathan,Rodriguez,2022-04-18
2480,Yvonne,Martinez,2022-09-09
2481,John,Williams,2022-09-29
2482,Alice,Lopez,2022-10-31
2483,Victor,Thomas,2022-04-04
2484,John,White,2022-10-27
2485,Frank,Martinez,2023-04-10
2486,Wendy,Thomas,2023-02-12
2487,Bob,Harris,2022-01-29
2488,Zach,Wilson,2023-03-22
2489,Isabel,Lopez,2023-06-02
2490,Charlie,Lopez,2022-09-02
2491,Frank,Smith,2023-01-06
2492,Alice,Perez,2022-06-24
2493,John,Gonzalez,2022-05-29
2494,Rachel,Brown,2023-10-18
2495,John,Harris,2023-08-24
2496,Xavier,Hernandez,2022-06-07
2497,Karen,Hernandez,2022-07-23
2498,Uma,Brown,2023-05-20
2499,Grace,Williams,2023-12-14
2500,Victor,Martinez,2022-10-18
